,category,code,id,ratio_dislike_like,ratio_like_view,region,restricted,title
0,Music,US,9TUBf6l7FBg,,,western,2,Coachella 2018 LIVE Channel 1
1,Film & Animation,US,i5qOzqD9Rms,0.020155839179076675,0.02914878281188962,western,0,Incredibles 2 Official Trailer
2,Entertainment,US,5NaAwSpswJE,0.12774785267142233,0.020653708361459442,western,0,Yodeling Kid Mason Ramsey Performs at Coachella
3,Music,US,oCXvPWJClJg,0.07572426788097668,0.027585609438493048,western,0,"Nicki Minaj: On Cardi B, Migos & 'MotorSport' | Beats 1 | Apple Music"
4,Music,US,_NWs7ntMRBA,0.014757809662888359,0.08248094799270422,western,0,[OFFICIAL VIDEO] Perfect - Pentatonix
5,Music,US,M4ZoCHID9GI,0.01591803397492523,0.05709653602590762,western,0,The Weeknd - Call Out My Name (Official Video)
6,People & Blogs,US,QBzQeyHh0i8,0.016908929101156926,0.014665990868016959,western,0,Victoria Beckham Says Yes to a Spice Girls Carpool Karaoke
7,Entertainment,US,n5LoVcVsiSQ,0.4943478095383093,0.004677731820843566,western,0,OCEAN'S 8 - Official Main Trailer
8,Howto & Style,US,Kemqo35m8gk,0.09210853871048046,0.020842629585430397,western,0,I Tried Making Kinetic Sand!
9,People & Blogs,US,lOz7cPJQd8E,0.03487804878048781,0.014023134752064136,western,3,Tesla CEO Elon Musk offers rare look inside Model 3 factory
10,Music,US,J-dv_DcDD_A,0.020839889297435965,0.06704243989806216,western,0,ZAYN - Let Me (Official Video)
11,Entertainment,US,dLRMA_lWsDY,0.013462179273575474,0.027250405895749265,western,0,Mom of Two Ali Wong Has Suffered Enough
12,Education,US,HxuRKqGx0Ik,0.1320049813200498,0.020312829377292466,western,0,Fortnite Rocket Slammer Pt. 1
13,Music,US,R1TSiB9OuVM,0.009872488408037094,0.05717934385156349,western,0,Florence + The Machine - Sky Full Of Song
14,Education,US,KpHP8VmxnBo,0.016571182159797943,0.02948479261835784,western,0,What causes headaches? - Dan Kwartler
15,Comedy,US,bRkdzjzqepQ,0.019796573144924567,0.01523835876353862,western,0,John Krasinski Couldn't Believe Stephen King's Reaction to A Quiet Place
16,Sports,US,b_lULj6v804,0.053483553483553485,0.0070405584306174026,western,0,"Benches clear twice between Yankees, Red Sox"
17,People & Blogs,US,CvqtJTrsKCE,0.04383188252879627,0.06542749646197922,western,0,BREAKUP ADVICE WITH MY EX!
18,Shows,US,7_FJUSBFbJM,0.013391626294852101,0.03263980129947265,western,0,Game of Zones - Game of Zones - S5:E1: 'A Golden Summer'
19,Entertainment,US,dY2jpeasD4w,0.047367578812610014,0.01732435834169656,western,0,Adam Ruins Everything - The True Origins of Tulipmania | truTV
20,Science & Technology,US,8udNOTFiqUs,0.0485913672783665,0.011640419644800221,western,0,Why It's Almost Impossible to Throw a 110 MPH Fastball | WIRED
21,Entertainment,US,bvf5DlhvJJE,0.03557730458934003,0.020496480547454732,western,0,Conan & Jordan Schlanskyâ€™s Italian Road Trip
22,News & Politics,US,tfREC-AkX20,3.2206405693950177,0.016042180012743875,western,0,Why black Americans are getting less sleep
23,Music,US,lHxZlnj6yKQ,0.011811529079471049,0.10227421938601329,western,0,Bebe Rexha - 2 Souls on Fire (feat. Quavo) [Lyric Video]
24,Sports,US,exjMt3v81tA,0.028485001260398286,0.011262463376411002,western,0,Best 50 Plays of the 2018 NBA Regular Season
25,Sports,US,FPXXy-rGq-M,0.2553082629828601,0.007322418702232878,western,0,Ronaldo knocks out Juventus with last minute penalty kick | 2017-18 UEFA Champions League Highlights
26,Education,US,8hYTPl7MkiA,0.01454506847860707,0.04531415375733667,western,0,How to Stop Being a People Pleaser
27,People & Blogs,US,EQqIiTk2fy4,0.014305358410220015,0.0609556770787565,western,0,Alisha Marie's Birthday Vlog!!
28,Comedy,US,HiQHcbFJv_o,0.01908581314101484,0.08172068873082727,western,0,When Your School Degree Is Useless
29,Entertainment,US,hwjdXBxeWsc,0.02059854745805159,0.03328127490703976,western,0,Binging with Babish: National Grilled Cheese Day + VidCon Announcement
30,Science & Technology,US,NcsGpDFKCgY,0.060948517337969674,0.03827781269641735,western,0,Milk Is Just Filtered Blood
31,Entertainment,US,DNrNMg8_gEs,0.007988764845363972,0.06931894417759103,western,0,My Mom Buys My Outfits!
32,Howto & Style,US,rzVJrBOsf0M,0.019635742743312465,0.02859630705630559,western,0,How to Make a Ping Pong Table // Collab with Evan & Katelyn
33,Entertainment,US,oJ2faqXlU1s,0.16317844982976168,0.009879084431991805,western,0,Mirror-Polished Japanese Foil Ball Challenge Crushed in a Hydraulic Press-What's Inside?
34,Comedy,US,wA6_Z2X-ut8,0.0168792934249264,0.029260084535514104,western,54,Mad Lib Theater with Kerry Washington
35,Howto & Style,US,HuWLoCF9rWQ,0.041519150305761185,0.043238935360087875,western,0,DISNEYLAND PROPOSAL?
36,Music,US,p6E9R9qv1No,0.05808524393190411,0.04603659370632503,western,0,Jason Derulo - Colors (Official Music Video) The Coca-Cola Anthem for the 2018 World Cup
37,People & Blogs,US,ciYXvWbyl00,0.12827936658000472,0.014673521940053929,western,0,Tucker Carlson Stole Stephen Colbert's Panda Bit
38,Music,US,CG9yQ8PXf6o,0.03861878105541229,0.017183463928667927,western,0,"Carrie Underwood - ""Cry Pretty"" (Official Lyric Video)"
39,Entertainment,US,ydRw4zylmbw,0.03783583929011585,0.02089842089945114,western,145,SNL Host John Mulaney Gets Hit with Budget Cuts
40,Entertainment,US,PbRmbhdHDDM,0.004122011541632316,0.04689541604387257,western,0,"Marvel Studios' Avengers: Infinity War -- ""Family"" Featurette"
41,Music,US,PaYvlVR_BEc,0.10956328149485038,0.02730569506304322,western,0,Janelle MonÃ¡e - PYNK [Official Video]
42,News & Politics,US,gau41b7_Hqs,0.1406636948984646,0.008975766763433642,western,0,How To Prep Before Grilling The Most Powerful Person On The Internet (HBO)
43,Film & Animation,US,RoIJtobSOqc,0.05906907404339904,0.018123109862009795,western,0,Everything Wrong With Ferdinand In 16 Minutes Or Less
44,People & Blogs,US,dWLDoQ0Kus8,0.047333666278230956,0.02668350704290002,western,0,We Got Coachella Makeovers
45,Music,US,wylMwU1wEOM,0.06990774159215567,0.05107764896358067,western,0,Diplo - Color Blind (feat. Lil Xan) (Official Music Video)
46,Film & Animation,US,CaE0JD1X12g,0.0393716589735637,0.02947723367582088,western,0,Honest Trailers - The Greatest Showman
47,Science & Technology,US,K7imG4DYXlM,0.06781239417541483,0.04514065372165811,western,0,Is this a computer?
48,Gaming,US,PgNAmWjInGk,0.016753494996439414,0.027750995118795394,western,0,Overwatch Seasonal Event | Overwatch Archives
49,Entertainment,US,NtN98IkKxmk,0.045871559633027525,0.009244832568951436,western,0,"Eva Longoria on Pregnancy, Delivery Plans & Desperate Housewives Reboot"
50,Film & Animation,CA,i5qOzqD9Rms,0.020155624627437623,0.029149093093473258,western,0,Incredibles 2 Official Trailer
51,Entertainment,CA,GZPuPoQe_3Y,0.03814198430349976,0.0641862910408625,western,0,Zucc Gets Roasted
52,Music,CA,M4ZoCHID9GI,0.015918002796961733,0.05707018678141647,western,0,The Weeknd - Call Out My Name (Official Video)
53,Music,CA,BidS_rcf7UU,0.05124671979237932,0.05096906661567637,western,0,Nicki Minaj - Barbie Tingz (Lyric Video)
54,Entertainment,CA,xCY9B8POq3A,0.006892441634493302,0.09590062297012875,western,0,mirror selfie
55,Music,CA,DPxL7dO5XPc,0.05593657036880298,0.07366245577676947,western,0,"Lil Pump - ""ESSKEETIT"" (Official Music Video)"
56,Music,CA,oCXvPWJClJg,0.07572426788097668,0.027585609438493048,western,0,"Nicki Minaj: On Cardi B, Migos & 'MotorSport' | Beats 1 | Apple Music"
57,Film & Animation,CA,ugLbotr1RuQ,0.03851054792581056,0.024815543531726512,western,0,New Rule: The 'What Were You Thinking' Generation | Real Time with Bill Maher (HBO)
58,Entertainment,CA,Op6JIx4MAGw,0.10691391941391941,0.005705038536438191,western,3,ã€ENG SUBã€‘ã€Šæ­Œæ‰‹2018ã€‹ç¬¬13æœŸ 20180413ï¼šæ€»å†³èµ›ï¼èŠ±èŠ±é‚“ç´«æ£‹é¦–åº¦åˆä½“å¼€å”± æçŸJessie Jç‹ç‚¸ç»„åˆä¸Šæ¼”ç¥çº§live Singer 2018 EP13ã€æ¹–å—å«è§†å®˜æ–¹é¢‘é“ã€‘
59,Music,CA,9zUHi8ON6PI,0.08110280293353618,0.027397211796879147,western,0,Nicki Minaj - Chun-Li
60,Music,CA,yYMafWOKdxw,0.0721876879887708,0.04144031477022729,western,0,Nicki Minaj - Barbie Tingz (Music Video Teaser)
61,Entertainment,CA,Izmibu7dxcs,0.048294671620941,0.03473169076586367,western,0,Destroying My Friend's Car And Surprising Him With A New One
62,Entertainment,CA,xXUdsQuUhGY,0.1566897209635106,0.012186438264195472,western,2,ã€EP.1ã€‘è·‘ç”·å›¢çƒ­è¡€å›å½’ ç«Ÿåœ¨ç»´ä¹Ÿçº³é­é‡â€œå²ä¸Šæœ€éš¾æŒ‘æˆ˜â€ é¹¿æ™—å½¢è±¡åå¡Œè¢«å“ä¸¢é­‚ å­¦éœ¸é‚“è¶…å¤§é£šè‹±è¯­æƒŠçˆ†è”åˆå›½ ã€Šå¥”è·‘å§2ã€‹ 20180413 Keep Running S2 [ æµ™æ±Ÿå«è§†å®˜æ–¹HD ]
63,People & Blogs,CA,NzxNSF_yS0A,0.018654970760233917,0.015114953196680013,western,0,The State Of The White House Is 'Oh My God'
64,Entertainment,CA,5NaAwSpswJE,0.12774785267142233,0.020653708361459442,western,0,Yodeling Kid Mason Ramsey Performs at Coachella
65,News & Politics,CA,LFEUX014xHE,0.28921962992759453,0.0038330540004224687,western,0,"Russia reacts after US, UK and France strike Syria"
66,Entertainment,CA,oJ2faqXlU1s,0.16317844982976168,0.009879084431991805,western,0,Mirror-Polished Japanese Foil Ball Challenge Crushed in a Hydraulic Press-What's Inside?
67,People & Blogs,CA,Ah9mtoYrXfg,0.012203693054756885,0.014915999222320914,western,0,Victoria Beckham Can't Keep Royal Wedding Secrets
68,News & Politics,CA,IOBLJnU0rPo,0.7005784280367472,0.006925690801721172,western,0,President Trump orders airstrikes against Syria  | ABC News Special Report
69,News & Politics,CA,--7vNbh4UNA,0.025495852220808773,0.04689151427673664,western,0,"Responding to ALL The Outrage, Ridiculous H3H3 Tweet Controversy and More..."
70,Comedy,CA,RDBprxmdKRQ,0.007265780075152968,0.21973731587561374,western,0,Un message sincÃ¨re
71,Music,CA,J-dv_DcDD_A,0.020839839426626223,0.06704260033407591,western,0,ZAYN - Let Me (Official Video)
72,Entertainment,CA,eMo-at9WOl0,0.006234413965087282,0.020339498867209954,western,1,Dwayne Johnson Nails It With The Rap From â€˜Moanaâ€™ | The Graham Norton Show
73,Film & Animation,CA,9oTMpPNqV1g,0.03056237327926582,0.025614714889718143,western,0,Everything Wrong With Jumanji: Welcome to the Jungle
74,Entertainment,CA,OZvumC1mAWc,0.24349960941859167,0.004963882918614699,western,0,Kylie Jenner Reacts To Tristan Thompson Cheating On Khloe Kardashian | Hollywoodlife
75,Comedy,CA,EqqCOHifYTo,0.03632683498455311,0.012022284836065574,western,0,Pee Tape Allegations; Paul Ryan Retires; Trump Attacks Mueller: A Closer Look
76,News & Politics,CA,bBDk3acUtNQ,1.5621414913957934,0.0022939803849325404,western,0,Experts react to co-ordinated strikes in Syria
77,Entertainment,CA,n5LoVcVsiSQ,0.4943478095383093,0.004677731820843566,western,0,OCEAN'S 8 - Official Main Trailer
78,News & Politics,CA,c6--PeGfMEA,0.8047550432276657,0.005419123101549994,western,0,Syria air strikes: Latest updates- BBC News
79,News & Politics,CA,nNCn4fdisaM,0.09793977812995246,0.00893099778069659,western,0,New FBI Plan To Expose Trumpâ€™s Secret Talks With His Lawyer | The Beat With Ari Melber | MSNBC
80,Comedy,CA,7K8L0SaD-dg,0.04152542372881356,0.03025903628717285,western,0,Mark Zuckerberg Memes Galore
81,Entertainment,CA,JwAnH6PLimo,0.015920254261774052,0.0550855011013917,western,0,Young Thug - Anybody (ft. Nicki Minaj) [Official Sign Video]
82,People & Blogs,CA,GJ5GBUpLCZE,0.013100927748102334,0.026078630333032246,western,0,RONDA ROUSEY'S EMOTIONAL CELEBRATION with The Bella Twins - Diary of WrestleMania
83,Entertainment,CA,fViHxVwA6hk,0.14017568575453718,0.00970528647364404,western,0,Senators Ask Mark Zuckerberg for Help
84,Howto & Style,CA,6nuiH-gzmIM,0.060475651189127975,0.025163195051333298,western,0,Home-Cooking Vs. $45 Burgers
85,Music,CA,_NWs7ntMRBA,0.014757809662888359,0.08248094799270422,western,0,[OFFICIAL VIDEO] Perfect - Pentatonix
86,Science & Technology,CA,JBc2_AsRFBU,0.042507892225240436,0.03383199994038852,western,0,Something Is Happening Underground
87,Entertainment,CA,DKe8fCPzPQs,0.013044350792695164,0.01889145846760435,western,1,RPDR S10E04 UNTUCKED
88,Entertainment,CA,7BakcCZemXs,0.02592852137351086,0.013077465885867723,western,7,The Last Ball On Earth (Season 10)
89,Entertainment,CA,_m8WUz81wwQ,0.014806789454676778,0.021570292355750132,western,7,RPDR10 EP4 Lip Sync ~ Monet x Change VS Dusty Ray Bottoms
90,Comedy,CA,ka0owW3i2tA,0.013530522341095029,0.02593756376249745,western,0,Stupid Sumo Battle!!
91,Entertainment,CA,BrrL8FHL25c,0.01138740413664885,0.02465422209999198,western,0,Guess That Deodorant (GAME)
92,People & Blogs,CA,9hWnbI2dAbw,0.1643835616438356,0.006940983606557377,western,0,Parmish Verma de Goli Kyo Mari Jano Asliat
93,People & Blogs,CA,YS6LmEFLhU0,0.36268724466636404,0.005756452165006101,western,0,Raw Footage of U.S. Airstrikes on Syria
94,News & Politics,CA,dCrFhN3Y9Tc,0.16782773907536416,0.006451876519500684,western,0,à¨µà©±à¨¡à©€ à©™à¨¬à¨° ! Parmish Verma de Goliyan Maran Da Vadda - à¨•à¨¾à¨°à¨¨ à¨†à¨‡à¨† à¨¸à¨¾à¨¹à¨®à¨£à©‡
95,Entertainment,CA,0uleuYRCMt8,0.4340659340659341,0.019376131161503246,western,0,SAGITTARIUS SHAWTY Gives the Real! The 6ix List (WLHH) Exclusive Interview! Toronto's Top Thotty
96,Entertainment,CA,32mT4S2viGo,0.010520587701795755,0.03016301597332217,western,0,We Try Snake Yoga
97,Comedy,CA,eOSB6qbRgWw,0.06059113300492611,0.008709680187408291,western,1,Paul Ryan Calls It Quits | The Daily Show With Trevor Noah
98,News & Politics,CA,16kwcisXtEE,0.09832317073170732,0.011864498743014235,western,0,Comey On His AWKWARD Pee Tape Convo With Trump
99,News & Politics,CA,UnwjBv38fWk,0.08921933085501858,0.009268575051338948,western,0,Donald Trump Attacks James Comey Ahead Of Book Release | The View
100,Entertainment,SE,oJ2faqXlU1s,0.16317708811429238,0.009879166873112974,western,0,Mirror-Polished Japanese Foil Ball Challenge Crushed in a Hydraulic Press-What's Inside?
101,Entertainment,SE,VJl0Um_hjlE,0.031088082901554404,0.013736654804270462,western,0,Chris i LA: Imagine Ã¶verraskar alla i Hollywoodstudion  | Vlogg del 2
102,Entertainment,SE,GZPuPoQe_3Y,0.03814198430349976,0.0641862910408625,western,0,Zucc Gets Roasted
103,People & Blogs,SE,s9-_mTv8Noo,0.1646039603960396,0.009820603821284458,western,0,Det BÃ¤sta Ur Wahlgrens VÃ¤rld *RIKTIGT ROLIGT*
104,Entertainment,SE,1XKSo2mFC6c,0.05367558005193211,0.04101840940182293,western,0,Kid Yodeler Mason Ramsey Performs
105,Film & Animation,SE,i5qOzqD9Rms,0.020155517353330956,0.02914924823426508,western,0,Incredibles 2 Official Trailer
106,People & Blogs,SE,bOZT-UpRA2Y,0.060178236165396026,0.023582385459100214,western,0,Walmart yodeling kid
107,People & Blogs,SE,_-Gl5VpNcEg,0.019674711437565582,0.05615130803676644,western,0,ANTON TESTAR: VattentrÃ¤ning
108,Comedy,SE,lbhYynYPMhA,0.019994703389830507,0.03873615100533443,western,0,Tvingas gÃ¶ra musical.ly :(
109,Gaming,SE,HwkLbeEYz6E,0.017669034295884175,0.02352891689701916,western,0,Yodeling Walmart Kid EDM Remix (OFFICIAL AUDIO) + DOWNLOAD LINK
110,Comedy,SE,IqZyqEHAtJE,0.0684486434391519,0.02028285282669937,western,0,little boy yodeling in walmart
111,Music,SE,FzG4uDgje3M,0.19567184770776902,0.011983972275137934,western,0,El Chombo - Dame Tu Cosita (Official Video) [Ultra Music]
112,Entertainment,SE,fViHxVwA6hk,0.14017568575453718,0.00970528647364404,western,0,Senators Ask Mark Zuckerberg for Help
113,Comedy,SE,brPYS2jHwgk,0.17249698431845598,0.028871939539581375,western,0,PARTITEMPEN X Annie LÃ¶Ã¶f (Centerpartiet)
114,Entertainment,SE,bvf5DlhvJJE,0.03557730458934003,0.020493769471249364,western,0,Conan & Jordan Schlanskyâ€™s Italian Road Trip
115,Film & Animation,SE,LSGb-jHpoo0,0.034900916888494525,0.024782938548427884,western,0,JAG HAR ALDRIG!!!
116,Comedy,SE,ea2FXcjk3Wo,0.02744304652809061,0.0612502466648814,western,0,YOU SERIOUSLY NEED TO STOP POSTING THESE...
117,Music,SE,M4ZoCHID9GI,0.01591996145363664,0.05707018678141647,western,0,The Weeknd - Call Out My Name (Official Video)
118,Music,SE,C_ijc7A5oAc,0.031305455087305784,0.05944648358922408,western,0,Ghost - Rats (Official Music Video)
119,Music,SE,6eOsPSkeO64,0.10634366659823445,0.06088065092677074,western,0,Don V - Flyga (OFFICIELL VIDEO)
120,Comedy,SE,V0hLQt3Vq1o,0.011663807890222984,0.04777200544092824,western,0,Felix Recenserar - Inte bara mÃ¶rdare
121,Comedy,SE,D-uXgR7yERY,0.022787993085022787,0.0717604601330777,western,0,ARMEN
122,Entertainment,SE,fyMADnizhqE,0.029055690072639227,0.010361264425489212,western,5,"Peg Parnevik & Filip Kaspersen Lamprecht ""Vi var ju som syskon"""
123,Music,SE,DPxL7dO5XPc,0.05593736715318124,0.07366266736273748,western,0,"Lil Pump - ""ESSKEETIT"" (Official Music Video)"
124,Music,SE,U9BwWKXjVaI,0.026014631703653042,0.025814046770442117,western,1,Drake - Nice For What
125,Entertainment,SE,Td0w8lojb_g,0.08828073273008166,0.020789457987492373,western,0,New Eritrean Drama 2018 Nabrana Part 34
126,Entertainment,SE,ESckhx_ptEQ,0.09839704069050555,0.011781192316706341,western,0,Selamawit Yohannes - Hanen | áˆƒáŠáŠ• - New Ethiopian Music 2018 (Official Video)
127,People & Blogs,SE,AxiHaqKxxiE,0.018272786599956493,0.020905432138065894,western,0,None of the Above ft. Swedish Hero Pontus
128,Entertainment,SE,ewbHKnymykk,0.15319148936170213,0.0042867566581539585,western,0,"Peg Parnevik: ""Ã„tstÃ¶rningarna bÃ¶rjade nÃ¤r jag blev kÃ¤nd"" - Malou Efter tio (TV4)"
129,Entertainment,SE,iErqWGwso7o,0.013295497390510587,0.03302416931694041,western,0,Binging with Babish: Shawarma from The Avengers
130,Entertainment,SE,Izmibu7dxcs,0.04830417470469167,0.03473169076586367,western,0,Destroying My Friend's Car And Surprising Him With A New One
131,Entertainment,SE,jPEYpryMp2s,0.11117894187704995,0.01838307834919065,western,0,Solo: A Star Wars Story Official Trailer
132,Sports,SE,hYirFqEc8Tg,0.021000202278655924,0.02892681276164991,western,0,Crossbow Trick Shots | Dude Perfect
133,Comedy,SE,_ox5FjnJJQE,0.01796138302649304,0.05265522296306805,western,0,Suleyman testar Spion ft. Carl Deman (JLC)
134,People & Blogs,SE,oipLbJoV9pM,0.023035034456170788,0.022676244942348288,western,0,$9 Fish Vs. $140 Fish
135,People & Blogs,SE,eqwPlwHSL_M,0.03259622611653942,0.011171488244283446,western,0,Trump Condemns The 'Disgraceful' Raid Of Michael Cohen
136,Music,SE,J-dv_DcDD_A,0.02083981449131086,0.06704268055208279,western,0,ZAYN - Let Me (Official Video)
137,Entertainment,SE,nIJbjv72q6s,0.08683596825223923,0.01796831295168332,western,0,The Last Guest 2 (The Prodigy) - A Sad Roblox Movie
138,Entertainment,SE,tibdXOGd0vM,0.18525818854333967,0.006832365467541692,western,0,20 PRODUCTS THAT EXIST ONLY IN JAPAN
139,People & Blogs,SE,t3fiYwWj38I,0.13933828887917213,0.012993555302624278,western,0,YasinTheDon - Chicago (STOCKHOLMCITY)
140,Comedy,SE,aiw3QftXOJc,0.03190615835777126,0.016780495650990435,western,54,Cardi B Tells John Mulaney What Happened in Her Prom Limo
141,Comedy,SE,WFn55BBOFI0,0.03996584116140051,0.01698403558670343,western,3,Trump Might Have a Secret Kid and Mark Zuckerberg's Second Day in Congress | The Daily Show
142,Science & Technology,SE,EgI_KAkSyCw,0.08139674894641782,0.00652779737339669,western,0,Zuckerberg's Senate hearing highlights in 10 minutes
143,Film & Animation,SE,9oTMpPNqV1g,0.03056237327926582,0.025614714889718143,western,0,Everything Wrong With Jumanji: Welcome to the Jungle
144,Entertainment,SE,OZvumC1mAWc,0.24349960941859167,0.004963882918614699,western,0,Kylie Jenner Reacts To Tristan Thompson Cheating On Khloe Kardashian | Hollywoodlife
145,Entertainment,SE,K0GRBMSCIK4,0.03105844330729868,0.032978764979447114,western,0,"Cardi B Goes Undercover on Reddit, Twitter and YouTube | Actually Me | GQ"
146,Entertainment,SE,Gnx21pToeBg,0.030139935414424113,0.017541209569305716,western,0,Den som skrattar fÃ¶rlorar â€“ Torra skÃ¤mt och ordvitsar med Niclas och Jonatan
147,Entertainment,SE,xCY9B8POq3A,0.006892441634493302,0.09590062297012875,western,0,mirror selfie
148,Entertainment,SE,7ojLe1mh7ms,0.1447084233261339,0.006702471083831555,western,0,"Johannes ""Leonidas"" kliver upp som en haj fÃ¶r tredje gÃ¥ngen i Ex on the beach!"
149,Entertainment,SE,gQoqECFuVUg,0.09090909090909091,0.0042393608348279795,western,0,Nej! Bianca Ingrossos byxor sprack! | Wahlgrens vÃ¤rld | Torsdagar 21.00 pÃ¥ Kanal 5 & Dplay.se
150,Comedy,FR,RDBprxmdKRQ,0.007265374217045141,0.21974959083469722,western,0,Un message sincÃ¨re
151,Music,FR,VuLRAspcClc,0.02036229453203623,0.04523458708454665,western,0,Timal - Dans la ville (Clip officiel)
152,People & Blogs,FR,ToJOfqR1hWg,0.0724182259677189,0.01000015712288009,western,0,Tous les buts - OM 5-2 RB Leipzig | Quart de finale retour | Ligue Europa | W9/FR
153,Entertainment,FR,094ndbmijKg,0.016580191398593336,0.07336520697565828,western,0,VOUS TROUVEZ MES SOSIES !
154,Comedy,FR,AuWYYKFMQ7c,0.008107401272774824,0.08072484166080225,western,0,Hollande is back & 2 anniversaires - VERINO #122 // Dis donc internet...
155,Comedy,FR,LyTeosmEewU,0.013802005759110317,0.0907063040776256,western,0,NOUVEAUX TUBES FRANÃ‡AIS VS RUSSES - Daniil le Russe
156,Music,FR,hOiHshb3BKs,0.020156886108628737,0.061677519099215206,western,0,Niska - Versus (Feat MHD)
157,Music,FR,2ohBsLkGgI0,0.011944220490310251,0.0641738590547439,western,0,4Keus Feat Q.E Favelas - Meeting (Clip Officiel)
158,Comedy,FR,GQwHE3bVemg,0.010697842376094611,0.08211389346024403,western,0,Tattoo Master - Le Monde Ã  L'Envers
159,Sports,FR,yjif7HoQCZM,0.030753260234866672,0.07337136328654961,western,0,MA PREMIÃˆRE FOIS Ã€ LA SALLE DE SPORT (ANIMÃ‰E)
160,Howto & Style,FR,sdlWIZSsmhs,0.014555185692839893,0.09886684821186582,western,0,RECETTES : 4 BREAKFAST IDEAS ğŸ¥‘ğŸ˜‹
161,Music,FR,iok9haA3Wts,0.028719460449327796,0.04001808848342723,western,0,KeBlack - ComplÃ¨tement SonnÃ© (Clip Officiel)
162,Film & Animation,FR,sXsr_7Una_A,0.010763538513286243,0.027844639462026206,western,1,Les Indestructibles 2 - Nouvelle bande-annonce
163,Entertainment,FR,krOvfq2A6ig,0.2823834196891192,0.02536386634688044,western,0,ğŸ’– MUSICAL.LY DE L'ATELIER DE ROXANE ğŸ’–( 10000 vues s'il vous plaÃ®t )
164,Music,FR,OsqgzcMFcno,0.00871220717653882,0.09014511597457743,western,0,RomÃ©o Elvis - Ah T'es LÃ  Toi
165,Comedy,FR,YXmy8SN3-u8,0.011386970319208512,0.08694311450133896,western,0,LA CAGNOTTE ft. Mcfly et Carlito
166,Entertainment,FR,lWpz4JpBijw,0.03276022304832714,0.03456958695608522,western,2,Clique x Kendall Jenner : Kendall in Paris
167,Music,FR,DPxL7dO5XPc,0.05593614191706377,0.0736630200060175,western,0,"Lil Pump - ""ESSKEETIT"" (Official Music Video)"
168,People & Blogs,FR,o7Jd5uC7JfE,0.0795641447368421,0.005253919646570208,western,0,Ø§Ø®Ø± Ù…Ø§ Ù‚Ø§Ù„ØªÙ‡ Ø§Ù„Ù…Ø±Ø­ÙˆÙ…Ø© ÙˆÙ‡ÙŠØ¨Ø© Ù„Ø¹Ø§Ø¦Ù„ØªÙ‡Ø§ Ù‚Ø¨Ù„ ØªØ­Ø·Ù… Ø·Ø§Ø¦Ø±Ø© Ø¨ÙˆÙØ§Ø±ÙŠÙƒ
169,Music,FR,37StRy0LEbI,0.024233570697790422,0.04859134010970108,western,0,OrelSan - La pluie (feat. Stromae) [CLIP OFFICIEL]
170,Music,FR,1iB5SidndrU,0.3029960429621255,0.005487840818491759,western,0,Ø¹Ø§Ø¬Ù„ !! Ù‡Ø°Ø§ Ø§Ù„Ø´Ù‡ÙŠØ¯ ÙÙ‚Ø¯ ÙƒÙ„ Ø£ØµØ­Ø§Ø¨Ù‡ ÙÙŠ Ø·Ø§Ø¦Ø±Ø© Ø¨ÙˆÙØ§Ø±ÙŠÙƒ Ùˆ Ù…Ù† Ù‡Ø°Ø§ Ù„Ø§ ÙŠØ±ÙŠØ¯ Ø§Ù„Ø£ÙƒÙ„ Ùˆ Ù„Ø§ ÙŠØªØ­Ø¯Ø« Ù…Ø¹ Ø£Ø­Ø¯ Ø­ØªÙ‰ ...
171,Music,FR,Jo_553S8arM,0.026656511805026657,0.060117946557755354,western,3,L.E.J - La nuit
172,Education,FR,l6fczhjOz5E,0.02496899545266639,0.11410485004575514,western,0,Et Si Tous Nos RÃ©seaux Sociaux Ã‰taient PiratÃ©s ? (en 360s)
173,Comedy,FR,s8ptuz58yvY,0.012657290895632865,0.12101722547184177,western,0,MON GROS PROJET 2018 !
174,Film & Animation,FR,jPlUuJpnVqk,0.027225301597652428,0.07340393705498714,western,0,Lâ€™ÃLE AUX CHIENS - CRITIQUE
175,Pets & Animals,FR,5o4r1hlI5tI,0.0054756689839062945,0.08671166986643546,western,0,LA PISCINE - PAROLE DE RATON LAVEUR
176,Entertainment,FR,MIcZPAmfIbY,0.03920367534456355,0.022960618846694796,western,0,Le Zap de CokaÃ¯n.fr nÂ°047
177,Music,FR,fmXtBdF-5ag,0.047010694035742484,0.03090892150425045,western,0,Therapie TAXI - PVP (Clip Officiel)
178,Music,FR,9TUBf6l7FBg,,,western,2,Coachella 2018 LIVE Channel 1
179,Music,FR,M4ZoCHID9GI,0.015919899090403405,0.05707041034322102,western,0,The Weeknd - Call Out My Name (Official Video)
180,Sports,FR,9GxWTF1_Wfs,0.07381948595337717,0.008728726012960045,western,0,Denis Balbir insulte les journalistes Allemands en OFF (OM RB Leipzig C3 2018)
181,Entertainment,FR,a7UvrElPUc0,0.14391739270732495,0.010931178373268525,western,0,Ø§Ø³ØªÙ…Ø¹ Ø§Ù„Ù‰ Ø§Ù„Ø­ÙˆØ§Ø± Ø§Ù„Ø°ÙŠ Ø¯Ø§Ø± Ø¨ÙŠÙ† Ù‚Ù€Ø§Ø¦Ø¯ Ø§Ù„Ø·Ø§Ø¦Ù€Ø±Ø© Ùˆ Ø±ÙƒÙ€Ø§Ø¨Ù‡Ø§ Ù‚Ø¨Ù„
182,News & Politics,FR,ympHOZH0TCA,0.006482485502805148,0.10559355615958263,western,0,(à¸‡ Í¡Ê˜ ÍœÊ– Í¡Ê˜)à¸‡
183,Music,FR,LPwcTaGDVm4,0.021975765044156912,0.07670535104762904,western,0,Sneazzy - V
184,Music,FR,SCq8n_hOcN8,0.03970542289667485,0.08991304459494384,western,0,Nicki Minaj - Chun-Li (Music Video)
185,Howto & Style,FR,qoGNGt1JW5I,0.014686248331108143,0.08004110152075627,western,0,LE PIRE DU PIRE !!!
186,News & Politics,FR,m4K5qleZfTk,0.42921348314606744,0.006043896343782257,western,0,Ø´Ø§Ù‡Ø¯ Ø§Ù„Ø³Ø¤Ø§Ù„ Ø§Ù„Ø®Ø·ÙŠØ± Ø§Ù„Ø°ÙŠ Ø·Ø±Ø­Ù‡ ØµØ­ÙÙŠ Ø§Ù„Ø®Ø¨Ø± Ø¹Ù† ØµØ­Ø© Ø¨ÙˆØªÙÙ„ÙŠÙ‚Ø© Ø§Ù„Ø°ÙŠ Ø§ØºØ¶Ø¨ Ø§Ø­Ù…Ø¯ Ø§ÙˆÙŠØ­ÙŠ 2018
187,Comedy,FR,O6Aq-_xAt0I,0.06961822264998396,0.06691713181623014,western,0,Andouille
188,Music,FR,Zpro0xSFuyk,0.0696567408896176,0.04602673430984242,western,0,La Fouine - Rue
189,People & Blogs,FR,3CLzN80P3q4,0.0328209389281263,0.02502131021434957,western,0,"Quand tu vas au supermarchÃ© (blagues, drÃ´les, insolite...)"
190,Science & Technology,FR,ZhzKnxKZ6I0,0.04456068330795206,0.0556009601225187,western,0,J'achÃ¨te l'iPhone 8 Rouge en Chine !
191,People & Blogs,FR,J9GXDGn6Aec,0.2693032015065913,0.00995127436281859,western,0,ØµØ­ÙÙŠ Ø¬Ø±ÙŠØ¡ ÙŠØ­Ø±Ø¬ Ø§ÙˆÙŠØ­ÙŠ Ø¹Ù„Ù‰ Ø§Ù„Ù…Ø¨Ø§Ø´Ø± : Ø¸Ù‡ÙˆØ± Ø¨ÙˆØªÙÙ„ÙŠÙ‚Ø© Ù‡Ù„ ÙƒØ§Ù† Ù…Ù† Ø§Ø¬Ù„ Ø§Ù„ÙˆØ¯Ø§Ø¹ Ø§Ùˆ Ù…Ù† Ø§Ø¬Ù„ Ø¹Ù‡Ø¯Ø© Ø®Ø§Ù…Ø³Ø© !
192,People & Blogs,FR,O_pGiSK4YcU,0.41835260115606937,0.0040925314258509595,western,0,Ø´Ø§Ù‡Ø¯ ÙƒÙŠÙ ØªÙØ§Ø¹Ù„ Ø§Ø¹Ù„Ø§Ù… Ø§Ù„Ø¬Ø²Ø§Ø¦Ø± Ø¨Ø¹Ø¯ ØªØ¹Ø²ÙŠØ© Ø§Ù„Ù…ØºØ±Ø¨ ÙˆØ§Ù„Ù…Ù„Ùƒ Ù…Ø­Ù…Ø¯ Ø§Ù„Ø³Ø§Ø¯Ø³ ÙˆÙ…ÙˆÙ‚ÙÙ‡Ø§ Ù…Ù† Ø³Ù‚ÙˆØ· Ø·Ø§Ø¦Ø±Ø© Ø§Ù„Ø¨ÙˆÙ„ÙŠØ²Ø§Ø±ÙŠÙˆ
193,News & Politics,FR,3K-jLq8PIFA,0.034383954154727794,0.03477654327138658,western,0,"Le Samedi Politique : Syrie, mensonges et crimes d'Ã©tat avec Richard LabÃ©viÃ¨re"
194,Pets & Animals,FR,VJB3N4O_6MA,0.6192872687704026,0.0020751575667535597,western,0,é‡ç”Ÿå‹•ç‰©ã®é©šãã¹ãç¬é–“2018ï¼ãƒ©ã‚¤ã‚ªãƒ³ãƒ¢ãƒ³ã‚­ãƒ¼ãƒ’ãƒ§ã‚¦ã‚«ãƒ³ã‚¬ãƒ«ãƒ¼
195,People & Blogs,FR,lVq5Hr8nM_k,2.342102013091268,0.031470325313848184,western,0,"Son costume a craquÃ© en plein ""Dame Tu Cosita"" challenge... à² _à² "
196,Education,FR,3dN1Mremvks,0.08222222222222222,0.04554655870445344,western,0,ğŸ˜‰ Jâ€™avoue je ne suis pas libre financiÃ¨rement ğŸ˜‰
197,Entertainment,FR,VDRaRReyy1Y,0.06171554339420617,0.034757564386056865,western,0,Ø±Ø¯ ÙØªØ§Ø© Ø¬Ø²Ø§Ø¦Ø±ÙŠØ© Ø¹Ù„Ù‰ Ø§Ù„Ù…ØºØ±Ø¨ÙŠ Ø§Ù„Ø°ÙŠ Ø´ØªÙ… Ø´Ù‡Ø¯Ø§Ø¡ Ø§Ù„Ø·Ø§Ø¦Ø±Ø© Ø§Ù„Ø¬Ø²Ø§Ø¦Ø±ÙŠØ©
198,News & Politics,FR,EJGgEoIurDs,0.26152398871119475,0.003684562618500456,western,0,"Ù…Ø´Ø§Ù‡Ø¯ Ø¶Ø§Ø¯Ù…Ø© Ù…Ù† Ù…Ø¨Ø§Ø±Ø§Ø© Ø´Ø¨ÙŠØ¨Ø© Ø§Ù„Ù‚Ø¨Ø§Ø¦Ù„ ÙˆÙ…ÙˆÙ„ÙˆØ¯ÙŠØ© Ø§Ù„Ø¹Ø§ØµÙ…Ø©.. Ø´Ø¨Ø­ ÙƒØ§Ø±Ø«Ø© ""Ø¨ÙˆØ±Ø³Ø¹ÙŠØ¯"" ÙŠØ®ÙŠÙ… Ø¹Ù„Ù‰ Ø§Ù„Ù…Ù„Ø§Ø¹Ø¨"
199,Music,FR,D7zGSaOrqtM,0.03529411764705882,0.008541855089940709,western,0,"Cirque d'hiver, fin de la cÃ©rÃ©monie, IrradiÃ©, magnifique..."
200,News & Politics,KR,7zYWLE03G8U,0.07194719471947195,0.003105325890116557,asia,0,"ì¡°í˜„ë¯¼, ëŒ€í•œí•­ê³µ ë³¸ì‚¬ ì‚¬ë¬´ì‹¤ì—ì„œ ê°„ë¶€ì—ê²Œ ì§€ë¥´ëŠ” ê³ ì„±  ë‹¨ë… ì…ìˆ˜"
201,Film & Animation,KR,NmSiUfuKKHg,0.1035902715223266,0.006417132612758128,asia,0,ì‹œë¯¼í† ë¡ ë‹¨ì—ê²Œë„ ë°œë¦¬ëŠ” ë‚˜ê²½ì› (í† ë¡ í•˜ëŸ¬ ì˜¨ê±´ì§€ ê°•ì˜í•˜ëŸ¬ ì˜¨ê±´ì§€ ì•Œìˆ˜ì—†ëŠ” ìœ ì‹œë¯¼ì„ ìƒì˜ ëª…ê°•ì˜ê°€ ì‹œì‘ëœë‹¤) .ìœ ì‹œë¯¼ ë‚˜ê²½ì› ê°•ì˜
202,Entertainment,KR,UXTFF2nKMjI,0.13479571332886806,0.004688150096165169,asia,0,"""ëˆˆì´ ì–¼êµ´ì„ ì‚´ë ¸ë‹¤"" ë¼ê³  ë§í•˜ëŠ” ìƒí™© 1íƒ„ ~ 4ë²ˆ ì—¬ìì•  ë„˜ ê·€ì—¬ì›€ ~"
203,Comedy,KR,fm2GlhMyk8A,0.45566166439290584,0.001844479896930564,asia,0,íœìŠ¤ë£°ì´ ë¶€ë¥¸ ì°¸ì‚¬ë“¤ ë‘ë²ˆì§¸
204,People & Blogs,KR,nooonWY377s,0.09071274298056156,0.0036220121333495007,asia,0,ì¸ì²œ í™”í•™ê³µì¥ í™”ì¬
205,News & Politics,KR,18TM9jzUQMc,0.10189228529839883,0.005565311627747889,asia,0,100ë¶„í† ë¡  ìƒë°©ì—ì„œ ì½”ë¯¸ë””í•˜ëŠ” ë‚˜ê²½ì›. ëŒì§êµ¬ ë‚ ë¦¬ëŠ” ìœ ì‹œë¯¼ ë°•ì£¼ë¯¼
206,Gaming,KR,heR4rYspN8Y,0.03852204791657302,0.021082128094278722,asia,0,ì‹œì²­ìì˜ ì–´ë¨¸ë‹˜ì´ ì°¾ì•„ì˜¤ì…¨ìŠµë‹ˆë‹¤...
207,Entertainment,KR,6lkBdXBTmeQ,0.06335549472037544,0.010269076305220884,asia,0,ì—ì–´í”„ë¼ì´ì–´ íŠ€ê¹€ ë¦¬ë·° - ì´ë¹¨ ë‹¤ í„¸ë¦¬ëŠ” ì¿ í‚¤ ë ˆì‹œí”¼ [ëŒ€ì‹ ë¦¬ë·°]
208,News & Politics,KR,OYQGNKlM_6I,0.1557377049180328,0.0005605806144790621,asia,0,í­ê²© ë§ì€ ë“¯ ì‚½ì‹œê°„ì— ë¶ˆë°”ë‹¤Â·Â·Â· ì¸ì²œ í™”ì¬í˜„ì¥ 'ì²˜ì°¸'
209,People & Blogs,KR,VfmpmKOtsUA,0.1618798955613577,0.0188123188761727,asia,0,ê¹€ê²½ìˆ˜ 'ë¯¼ì£¼ë‹¹ì› ëŒ“ê¸€ê³µì‘' ì˜í˜¹ ê´€ë ¨ ê¸´ê¸‰ê¸°ìíšŒê²¬(4ì›” 14ì¼ ì˜¤í›„ 9ì‹œ 30ë¶„ êµ­íšŒ ì •ë¡ ê´€)~~
210,Music,KR,cDq1vUwM21k,0.012809985219247824,0.017147861938449062,asia,0,[ê³ ë“±ë˜í¼2 Final] ê¹€í•˜ì˜¨ (HAON) - ë¶•ë¶• (Feat. Sik-K) (Prod. GroovyRoom) (Official Audio)
211,Entertainment,KR,LNs3k0CAN6E,0.1680365296803653,0.0033667445578649613,asia,0,íƒ„ì‚°ìŒë£Œ ì›ìƒ·í•œ ê³° ë°˜ì‘
212,News & Politics,KR,cTQPhDrZ5_U,0.0818014705882353,0.00510819705996967,asia,0,"ë‚˜ê²½ì›,ìœ ì‹œë¯¼ì—ê²Œ í„¸ë¦¬ê³  í„¸ë³´ ê¹€ì–´ì¤€ì— í•˜ì†Œì—°ã…  0413"
213,Entertainment,KR,-aKx-IfA70I,0.24104234527687296,0.003569677508124795,asia,0,[ì°©ì‹œë¬¸ì œ] 10ì´ˆ ì•ˆì— ìˆ¨ì–´ìˆëŠ” ì´ë¯¸ì§€ë¥¼ ì°¾ìœ¼ì„¸ìš”. ì°©ì‹œí˜„ìƒê·¸ë¦¼ TOP19
214,People & Blogs,KR,59wo8La-M_g,0.08467153284671533,0.02126096672736302,asia,0,-ê¸´ê¸‰ ì†ë³´-ë¯¼ì£¼ë‹¹ ëŒ“ê¸€ ì¡°ì‘ì— ê°€ë‹´ í˜ì˜ë°›ëŠ” ë¯¼ì£¼ë‹¹ ì˜ì›ì´ ë°í˜€ì§€ë‹¤. ê·¸ëŠ” ë¬¸ì¬ì¸ì˜ ìµœì¸¡ê·¼ ê¹€ê²½ìˆ˜!
215,Film & Animation,KR,i9ZhPmUoaT8,0.045023696682464455,0.004196270092626199,asia,0,[ê³„ëª…ì˜ë¶€í™œ13í™”] ë¶ˆì‚¬ì‹  ë°˜ vs ì‹­ê³„ ê°ˆë€ + ë©”ë¼ìŠ¤íë¼
216,Entertainment,KR,qIH4jIgFYl0,0.10205043601225548,0.011076998585026341,asia,0,ìˆ˜ë°•ì¹¼ë¡œ ì¤‘êµ­ì•¡ì²´ì–¼ìŒ! í•œìˆœê°„ì— 12ì¡°ê°ìœ¼ë¡œ ì˜ë¼ë³´ì•˜ë‹¤! - í—ˆíŒ (ice cube with watermelon cutting)
217,Entertainment,KR,H4wuLhfIIwI,0.05664830841856806,0.006768126437760927,asia,0,ì—„ë§ˆê°€ ë§Œë“  ë¶„ì‹ ì“°ë ˆê¸°ë¼ê³  ì†Œë¬¸ë‚´ëŠ” ì¹œêµ¬ ì—­ê´€ê´‘ ì°¸êµìœ¡
218,People & Blogs,KR,3ghVkT32j2E,0.040457769181173435,0.011580460306497675,asia,0,ë­? ì™¸ê³„ì¸ì¶¤ 2íƒ„ì´ ë‚˜ì™”ë‹¤ê³ ??! ì¸ì‹¸ë˜ëŠ”ì¶¤ 2íƒ„ íš¨í¬í¬í¬!!
219,News & Politics,KR,HJiJlm9s8XQ,0.06746237675142709,0.04042968340221975,asia,0,ì´ ì‹œê° ê¸´ê¸‰ ì†ë³´ [íŠ¹ì¢…] CIAë¯¸ì¤‘ì•™ì •ë³´êµ­ ê³ ê¸‰ì •ë³´ ì¸í„°ë·° í‰íƒ ìš”ë™ ì²œì•ˆ ë‚œë¦¬ ì¡°ì›ì§„ ëŒ€í‘œ ì „ê²© ë©”ì‹œì§€ ì „ë‹¬ ê¹Œì¹˜ë°©ì†¡ TV  2018.04.14
220,Film & Animation,KR,V9ApMPUDGf8,0.012291723572794318,0.042082394592854844,asia,0,[ì˜í™”ê±¸ì‘ì„ ] 57íšŒ - ì—¼ë ¥
221,Entertainment,KR,UZRvsNXDKBk,0.06383309173741976,0.020445757597034257,asia,0,[MPDì§ìº ] íŠ¸ì™€ì´ìŠ¤ ì§ìº  4K 'What is Love?' (TWICE FanCam) | @MCOUNTDOWN_2018.4.12
222,People & Blogs,KR,53592O-aAXs,0.04217432052483599,0.027112872897291255,asia,0,ì—¬ìì¹œêµ¬ë‘ ê°™ì´ ìˆëŠ”ë°.. ì§‘ì— ê°•ë„ê°€ ë“¤ì–´ì™”ìŠµë‹ˆë‹¤;; (ì‚´ë ¤ì£¼ì„¸ìš”)
223,Entertainment,KR,WqyKo--2vY0,0.014084507042253521,0.0105897443546222,asia,0,ë² ë„¤ë”•íŠ¸ ì»´ë²„ë°°ì¹˜ê°€ ë‚´í•œ ê¸°ìíšŒê²¬ì—ì„œ ì–´ë¦¬ë‘¥ì ˆí•œ ì´ìœ ëŠ”? (Benedict Comber batch | Avengers Infinity War Press Conference)
224,News & Politics,KR,BMQjMwaTLOg,0.14938684503901895,0.00698179440678098,asia,0,"á„‹á…µá„Œá…¥á†¼á„…á…§á†¯ á„€á…¡á†·á„á…¡á†« ""á„‹á…« á„†á…®á†«á„Œá…¢á„‹á…µá†«á„ƒá…¢á„á…©á†¼á„…á…§á†¼á„‹á…µ á„’á…©á†¼á„Œá…®á†«á„‘á…­á„…á…³á†¯ á„†á…¡á†«á„‚á…¡á„Œá…¯á†»á„‚á…£á„†á…§á†«á„‹á…­"""
225,Entertainment,KR,5Q5vFW_FQfQ,0.0034041394335511985,0.061921123079193105,asia,0,[3í™”] ì²­ìˆœì´‰ì´‰ ì”¨ë“œ ì„¸ëŸ¼ ê´‘ê³  ì´¬ì˜ í˜„ì¥!  - ì›Œë„ˆì›ê³  in JEJU (WANNAONE GO in JEJU)
226,Entertainment,KR,MD9LkL812mo,0.022044088176352707,0.07063541994337842,asia,0,"í•˜ì´íŠ¸ ì—‘ìŠ¤íŠ¸ë¼ì½œë“œ x ê°•ë‹¤ë‹ˆì—˜ TVC - ì•„ì´ìŠ¤ë“œëŸ¼ (30"")"
227,News & Politics,KR,Shu_R-3sxew,0.1419656786271451,0.0054153607001951555,asia,0,(ì†ë³´) ë¯¸êµ­ ì‹œë¦¬ì•„ ì‚¬íƒœë¡œ ì‹œë¦¬ì•„ ê³µê²©? ëŸ¬ì‹œì•„ì™€ ë§ì„œ ì„¸ê³„ëŒ€ì „? ì—¬ê¸°ì— ê¸´ì¥í•˜ëŠ” ë¶í•œ? ë¯¸êµ­ ì„¸ê³„ëŒ€ì „ ìœ„í—˜ì—ë„ ì‹œë¦¬ì•„ ì¹˜ë ¤ëŠ” ì§„ì§œ ì´ìœ ëŠ”? ì—¬ê¸°ì„œ ë†€ë¼ìš´ ì‚¬ì‹¤ì„ í™•ì¸í•˜ë¼!
228,Entertainment,KR,3vNke1sl_Kw,0.09139979859013092,0.035149447095303495,asia,0,iKON-'ì‚¬ë‘ì„ í–ˆë‹¤'(LOVE SCENARIO) Cover by Pikachu
229,News & Politics,KR,5ri_1Q-_vek,,,asia,0,"[2018.4.13]ì„ì¢…ì„, ê¹€ê¸°ì‹ ê°ì‹¸ëŠ” ì´ìœ ?! ê¹€ê¸°ì‹ì€ ì‚¬í‡´í• ê¹Œ?(ë¯¼ì˜ì‚¼ì¹¼ëŸ¼)"
230,News & Politics,KR,M9VgLridp7s,0.46325878594249204,0.003495293079766385,asia,0,(ê¸´ê¸‰íŠ¹ë³´) 2018ë…„ 4ì›” 14ì¼  ë‰´ìŠ¤
231,Howto & Style,KR,vOFhNet92Os,0.02805680637339799,0.01850285201563802,asia,0,ì”¬ë‹˜ìŠ¤íŠœë””ì˜¤ ì²« ì§ì›í‰ê°€ ì¹˜ì—´í•œ ê²½ìŸì˜ ìŠ¹ìëŠ”..?  | SSIN
232,Entertainment,KR,EPF7pBBqy1Y,0.23376623376623376,0.0017858385323654244,asia,0,"""çˆ¶ì— ì†ì£¼ë„ ì•ˆ ë³´ì—¬ì¤˜"" ì£¼í˜„ë¯¸ í‘í‘ ìš¸ë¦° ê°€ì •ì‚¬ | ì—°ì˜ˆë‰´ìŠ¤ 24/7"
233,Entertainment,KR,jP2sdAPl3Cg,0.00669383003492433,0.019014941892639733,asia,0,ë‚´í•œ ì™”ë‹¤ê°€ í•œêµ­ì— í‘¹ ë¹ ì§„ í†° í™€ëœë“œ (Feat. ë³€ê¸°)
234,Entertainment,KR,gZLgpohMU54,0.01775147928994083,0.01788485960208833,asia,0,ì´ë¶ˆë°– ì§‘ëŒì´ë“¤ ê°•ë‹¤ë‹ˆì—˜ ë³µê·¼ê³µê°œ+ë§Œí™”ì±… í™€ë¦­ ã…‹ã…‹
235,News & Politics,KR,_bV1d4dOtrc,0.08409090909090909,0.014166130070830651,asia,0,"ëŒ“ê¸€ ì¡°ì‘ ë¯¼ì£¼ë‹¹ì›, ë¹„ë°€ SNS ì‚¬ìš© / í•œêµ­ë‹¹ ""ì¡°ì‘ ëª¸í†µ í˜„ì§ ì˜ì› ë°í˜€ì•¼"" vs ë¯¼ì£¼ë‹¹ ""ê°œì¸ì  ì¼íƒˆì˜ ë²”ì£„í–‰ìœ„ì¼ ë¿"" / ëŒ“ê¸€ ì¡°ì‘ ì¶œíŒì‚¬, ì¶œê°„ ê¸°ë¡ ì—†ì–´"
236,News & Politics,KR,c9B4YqBB-Tg,0.1794871794871795,0.002953874119518291,asia,0,ì‹œë¦¬ì•„ ê³µìŠµ...ë¯¸êµ­ê³¼ ëŸ¬ì‹œì•„ ì „ë©´ì „ ë˜ë‚˜ / YTN
237,News & Politics,KR,wkPEn6kim7c,0.013899920571882446,0.08531255293918347,asia,0,ì‚¬ì•…í•¨ìœ¼ë¡œ ì¶©ë§Œí•œ ë¯¼ì£¼ë‹¹
238,Music,KR,XodjsT-mjgE,0.0010211027910142954,0.1534301580025415,asia,0,VIXX 3rd Album [EAU DE VIXX] Highlight Medley
239,People & Blogs,KR,dmgpU-OFjaY,0.017533606078316773,0.01203835951846562,asia,0,â˜…9í™” HD (180329)â˜… ì†Œë¦„ë‹ëŠ” 112ì‹ ê³  :: ì‹œì•„ì¤€ìˆ˜Xê¹€í˜•ì¤€
240,Music,KR,_oD7i_wZRGA,0.0425531914893617,0.012570205937416421,asia,0,[á„á…³á„‹á…ªá„‹á…µá„‰á…³][êµì°¨í¸ì§‘] íŠ¸ì™€ì´ìŠ¤ TWICE - What is Love? êµì°¨í¸ì§‘ stage mix
241,Film & Animation,KR,fiWcg02AcIs,,,asia,0,ì Šì€ ìœ¡ì²´ë¥¼ ê±´ ë‚´ê¸° í•œíŒ [ë” ê²Œì„]
242,Entertainment,KR,jUyjXC4jYMs,0.2966101694915254,0.002046514854576042,asia,0,ìœ¤íƒì€ ì•„ë‚´ì˜ ì´í˜¼ ì•„í””ë¿ë§Œ ì•„ë‹ˆë¼ ë³‘ìƒì— ëˆ„ì›Œ ìˆëŠ” ì–´ë¨¸ë‹ˆì— ëŒ€í•œ ì•„í””ì„ ê³ ë°±í•˜ê¸°ë„ í–ˆë‹¤. - Korean News
243,People & Blogs,KR,dJu35iuGqBQ,0.13421292083712466,0.005356742476676967,asia,0,ìœ ëŒ€ì¸ì´ í•œêµ­ì™€ì„œ ê°€ì¥ í™©ë‹¹í•´í•˜ëŠ” ê²ƒ TOP 2
244,News & Politics,KR,OcNgmkv3LE4,0.1360381861575179,0.007402369111450705,asia,0,"ìœ ì‹œë¯¼ ë¶„ë…¸ì˜ ë“±íŒ ""ê¹€ê¸°ì‹ë§Œ ì£„ì¸ì´ëƒ?â€ (ë…¸íšŒì°¬ ì˜ì›ë‹˜..)"
245,News & Politics,KR,MySFx77uHdI,,,asia,0,"(ê¸´ê¸‰ì§„ë‹¨) æ–‡-æ´ª ì²­ì™€ëŒ€ ê¸´ê¸‰íšŒë™---ë¬¸ì¬ì¸, ì™œ í™ì¤€í‘œ ëª©ì— 'ì˜¬ê°€ë¯¸' ê±¸ì—ˆë‚˜? ìœ¤ì°½ì¤‘TV ì¹¼ëŸ¼(2018.04.13)"
246,Comedy,KR,I8FksKUEFIM,0.022597167821633023,0.016031493020335217,asia,0,Ep 72.ì´ê³¼ 1ë“±ì˜ ë¬¸ê³¼ 1ë“± ì¶”ì ê¸°~! ë¬¸ê³¼ 1ë“±ì€ ê¸°ì–µìƒì‹¤ì¦?!
247,News & Politics,KR,Vz6tSd2yroc,0.012257100149476832,0.08939070016034206,asia,0,ëŒ€í†µë ¹ì„ ë¬»ì–´ë²„ë¦° 'ê±°ì§“ì˜ ì‚°' 76í¸ | ê¹€ì„¸ìœ¤ íŒì‚¬ë¥¼ ì§ê¶Œë‚¨ìš© í˜ì˜ë¡œ ê³ ë°œí•˜ë‹¤!
248,Shows,KR,Y3yCRmg-HsQ,0.03116457080371788,0.0057963390208655525,asia,0,[í•˜íŠ¸ì‹œê·¸ë„ ì„ ê³µê°œ] ì§„ì§œ ìš´ëª…ì€ ì´ëŸ°ê²ƒ? ê¹€í˜„ìš°-ì˜¤ì˜ì£¼ì˜ ë¬˜í•œ ê³µê°ëŒ€ / ì±„ë„A í•˜íŠ¸ì‹œê·¸ë„ ì‹œì¦Œ2 5íšŒ
249,People & Blogs,KR,NCfElvGfrg0,0.038159371492704826,0.021354616048317517,asia,0,[í™”ì´íŒŒì´ë¸Œ] ê³½ì§€í™˜ X ë°•ë§‰ë¡€ ì¸ìƒíšŒì´ˆë¦¬! â€œëª‡ ëŒ€ ë§ì„ë˜?â€
250,Entertainment,JP,cJIsZTk7eac,0.052307692307692305,0.00584264411106417,asia,0,å¤§æ‰æ¼£ã•ã‚“ã¨æœ€å¾Œã®åˆ¥ã‚Œã€åŒ—é‡æ­¦ãƒ»é è—¤æ†²ä¸€ãƒ»è‰ãªãå‰›ã‚‰1700äººãŒå‡ºå¸­
251,Comedy,JP,4BAGePOsogc,0.021983986972452164,0.0266103812625938,asia,0,ã¦ã¤ã‚„ã‚½ãƒ­æ›²ã€Coming Out of THE WORLD.ã€‘ç„¡ä¿®æ­£ç‰ˆ
252,Howto & Style,JP,-sBhdDrpl-s,0.061930783242258654,0.014379507237772617,asia,0,ã€DIYã€‘ã‚¤ãƒ³ã‚¹ã‚¿ãƒ³ãƒˆãƒ¢ãƒ«ã‚¿ãƒ«ä½¿ã£ã¦ãƒ¬ãƒ³ã‚¬æ•·ãï¼
253,People & Blogs,JP,Hg3Te-ckkhM,0.046038543897216275,0.012293679416642535,asia,0,ãƒ‹ãƒ³ãƒ‹ã‚¯å¤§é‡ã®æ¿€ã‚¯ã‚µã‚¬ãƒ¼ãƒªãƒƒã‚¯ãƒ©ã‚¤ã‚¹é£Ÿã¹ã¦ã¿ãŸï¼
254,Film & Animation,JP,ncHKS1DYzBY,0.042666666666666665,0.007313584848419182,asia,0,è¶…èƒ½åŠ›å°‘å¥³é”ãŒï½¢ã‚ã£ã¡å‘ã„ã¦ãƒ›ã‚¤ï½£ã‚’ã‚„ã‚‹ã¨ã“ã†ãªã‚‹ã€ãƒ’ãƒŠã¾ã¤ã‚Šã€‘
255,Music,JP,DLMz1p4Nz58,0.052699487923874036,0.037022054103759076,asia,1,"[Comeback Stage] TWICE - What is Love?, íŠ¸ì™€ì´ìŠ¤ - ì™“ ì´ì¦ˆ ëŸ¬ë¸Œ? Show Music core 20180414"
256,News & Politics,JP,jj1mhwW_m3w,,,asia,0,ã€é€±åˆŠæ–°æ½®ã€‘â€œèƒ¸è§¦ã£ã¦ã„ã„ï¼Ÿâ€ã€Œè²¡å‹™çœãƒˆãƒƒãƒ—ã€ã®ã‚»ã‚¯ãƒãƒ©éŸ³å£°
257,Entertainment,JP,Zde0qt1kGPs,0.0120942075111394,0.01328327795111145,asia,0,æ˜Ÿé‡ã¿ãªã¿ã®å†™çœŸé›†ã‚’è¦‹ã¦ã¯ã—ã‚ƒãä¸ç”°ç¥å¸Œã¨å¤§åœ’æ¡ƒå­
258,News & Politics,JP,WTrAcR6IUOU,0.030855539971949508,0.02097243874459511,asia,0,â™¯104 å ±é“ç‰¹æ³¨ã€æ€’ã‚Šçˆ†ç™ºæ”¾é€æ³•ã‚¹ãƒšã‚·ãƒ£ãƒ«ï¼ã€‘
259,Music,JP,9TUBf6l7FBg,,,asia,2,Coachella 2018 LIVE Channel 1
260,People & Blogs,JP,n_wEbYyRH8s,0.08793604651162791,0.005243442838470713,asia,0,ä¸ƒã¤ã®å¤§ç½ª æˆ’ã‚ã®å¾©æ´» ç¬¬13è©±ã€Œã•ã‚‰ã°æ„›ã—ãç›—è³Šã€
261,Sports,JP,SrU1SqPZZg0,0.06201550387596899,0.009103668911872408,asia,0,å·¨å¤§ãªé’ç‰©ã‚’é‡£ã£ã¦ã¤ã„ã§ã«æ˜¥ã‚¤ã‚«ã‚‚ç‹™ã£ã¦ã¿ãŸãŒãƒ»ãƒ»ãƒ»ï¼Ÿ
262,Travel & Events,JP,3cssiyA8PNI,0.14103525881470366,0.009856551316178646,asia,0,ãƒ•ãƒ«ã‚³ãƒ¼ã‚¹ã®å…¨å“ãŒçˆ†ç››ã‚Šã®ã‚¹ãƒ†ãƒ¼ã‚­å±‹ã•ã‚“ãŒæœ€é«˜ã™ããŸï¼
263,News & Politics,JP,l3S7fZrls0k,0.06944444444444445,0.0037233354880413703,asia,0,å¤§æ‰æ¼£ã•ã‚“ã«ãŠåˆ¥ã‚Œ å…±æ¼”è€…ã‚‰æ€¥é€æ‚¼ã‚€
264,Comedy,JP,MUIrMw-lagw,0.02378255945639864,0.02533667457341801,asia,0,Siriã¯äººé¡æ»…äº¡è¨ˆç”»ã‚’ä¼ã¦ã¦ã„ã‚‹ã€éƒ½å¸‚ä¼èª¬ã€‘
265,Entertainment,JP,utGEs-DWPPQ,0.0660377358490566,0.006323576201081769,asia,0,â€ªç™»ç¾ä¸˜é«˜æ ¡ãƒ€ãƒ³ã‚¹éƒ¨ ã‚»ãƒ¬ãƒƒã‚½å¤§é˜ªå¿œæ´ãƒ‘ãƒ•ã‚©ãƒ¼ãƒãƒ³ã‚¹ ã‚»ãƒ¬ãƒƒã‚½å‹åˆ©ã‚½ãƒ³ã‚° CEREZO(ã‚µã‚¯ãƒ©)æº€é–‹ãƒ€ãƒ³ã‚¹â€¬
266,Music,JP,j8tBqqZbkAU,0.010465116279069767,0.07409960365328279,asia,0,ãƒ•ã‚¸ãƒ•ã‚¡ãƒ–ãƒªãƒƒã‚¯ ã€é›»å…‰çŸ³ç«ã€
267,People & Blogs,JP,prg5CtRpwYM,0.016680395387149917,0.016464198167103473,asia,0,è‰²ã€…ãªã‚³ãƒ¼ãƒã®ã‚¿ã‚¤ãƒ—
268,Sports,JP,WCZXaXfWpuE,0.059322033898305086,0.014386734942696903,asia,0,ã€ç¾½ç”Ÿçµå¼¦ã€‘ã€Œæ‚©ã¿ç›¸è«‡ã—ãŸç„¡è‰¯å›ã«æ”¾ã£ãŸè¨€è‘‰ãŒã¾ã•ã«ç¾½ç”Ÿç¯€ï¼(^.^)ã€CiONTU2æ—¥ç›®ç¬¬ä¸€éƒ¨ã®å†…å®¹ãŒã•ã£ããtwitterã§è©±é¡Œã«ï¼â†’ã€Œæ˜¨æ—¥ã¨é•ã†æ§‹æˆã§ä»Šæ—¥ã‚‚æœ€é«˜ï¼ã€ï¼ˆå±±æœ¬ã¾ã©ã‹ï¼‰
269,Entertainment,JP,FfohsFLbb6Q,0.3482142857142857,0.0023820664426389892,asia,0,ã€å½¼æ°ãŒå¹»æ»…!?ã€‘Hä¸­ã®NGè¡Œå‹•4é¸ã€ã‚ªãƒˆãƒŠã®EveEve Girlsã€‘
270,Gaming,JP,t5hZBQN_s0E,0.20652173913043478,0.011736689913250553,asia,0,ã€ãƒã‚±ãƒ¢ãƒ³GOã€‘æ˜æ—¥ã¯ãƒãƒ–ãƒ«åˆ°æ¥ï¼ï¼Ÿã‚³ãƒŸãƒ¥ãƒ‹ãƒ†ã‚£ãƒ»ãƒ‡ã‚¤ã“ã†éã”ãã†ï¼ã€ãƒ¡ãƒªãƒ¼ãƒ—ã€‘
271,Sports,JP,jmSyl9Ghegg,0.03463203463203463,0.016364409181071123,asia,0,ã€ç¾½ç”Ÿçµå¼¦CiONTUï¼’æ—¥ç›®ã€‘ç¾½ç”Ÿã•ã‚“ã®ç ç‰ã®è¨€è‘‰ã«ãƒ•ã‚¡ãƒ³æ¶™ã€‚ã€Œã¿ã‚“ãªã®è¦–ç·šãŒç¾½ç”Ÿãã‚“ã«ã¨ã£ã¦ã®æ˜Ÿã ã‚ˆï¼ï¼ ã ã‹ã‚‰è¼ã‘ã‚‹ã£ã¦ï¼ï¼ï¼ã€Figure SkatingTV
272,People & Blogs,JP,CorrUP9ohRI,1.896551724137931,0.0018718130768734266,asia,0,ç±³å›½ãƒ¡ãƒ‡ã‚£ã‚¢ãŒå¤§è°·ç¿”å¹³ã‚’ç•°ä¾‹ã®é›†ä¸­ç‰¹é›†!!ã€Œé‡çƒã‚’çŸ¥ã‚‰ãªã„äººã‚‚å¤§è°·ãŒå‡„ã„ã¨çŸ¥ã£ã¦ã„ã‚‹ã€ç¾åœ°ãƒã‚¹ã‚³ãƒŸã‹ã‚‰çµ¶è³›ã¨ç§°è³›ã®å£°ãŒæ­¢ã¾ã‚‰ãªã„!!å¤–å›½äººè¡æ’ƒ!!ã€æµ·å¤–ã®åå¿œã€‘
273,Film & Animation,JP,5s9IxivRM5E,0.05844155844155844,0.009557500155154223,asia,0,KinKiã€€Kidsã®ãƒ–ãƒ³ãƒ–ãƒ–ãƒ¼ãƒ³ 2018å¹´4æœˆ14æ—¥ã€å‚å£å¥å¤ªéƒã¨çµ¶å“!ç™’ã‚„ã—è–¬è†³ã‚¹ãƒ¼ãƒ—ã€‘
274,Music,JP,dHq0a22CPE8,0.005188067444876783,0.04577161684822939,asia,0,GReeeeNã€Œæ‹ã€ãƒŸãƒ¥ãƒ¼ã‚¸ãƒƒã‚¯ãƒ»ãƒ“ãƒ‡ã‚ª
275,Sports,JP,u5fgLLDNoZo,0.47058823529411764,0.0011008936666234944,asia,0,2018 æ±å»ºãƒ›ãƒ¼ãƒ ãƒ¡ã‚¤ãƒˆã‚«ãƒƒãƒ— 3æ—¥ç›®
276,Entertainment,JP,peG4fLDWLmg,0.09536494405966968,0.014554505732242068,asia,0,ã€å¤§é£Ÿã„ã€‘æ–°ç‰ã­ããŸã£ã·ã‚Šåˆé°¹ã®ã‚¿ã‚¿ã‚­ ç·é‡é‡ç´„4.5ã
277,People & Blogs,JP,MwgayY533hg,0.010433918516064922,0.03455122886326571,asia,0,ç¾å®¹å¸«ã«ã€Œã“ã®æ˜¥ä¸€ç•ªãƒ¢ãƒ†ã‚‹ã‚«ãƒ©ãƒ¼ã§ã€ã¨ãŠé¡˜ã„ã—ã¦ã¿ãŸçµæœï¼ï¼
278,Sports,JP,4LiZcE5qdXI,0.03994082840236687,0.017688000418650898,asia,0,æµ·äººã¨ä¸€ç·’ã«å¤œã®æ½®å¹²ç‹©ã‚Šã—ãŸã‚‰ç·é¡ã„ãã‚‰ã«ãªã‚‹ï¼Ÿ #1è©±
279,Music,JP,P3EvfO3nJ5g,0.08896797153024912,0.002102026847595573,asia,0,ä»Šæ—¥ã®å¤§è°·ç¿”å¹³ï¼ˆã‚ªã‚ªã‚¿ãƒ‹ã‚·ãƒ§ã‚¦ãƒ˜ã‚¤ï¼‰ï¼’å¡æ‰“ Shohei Otani â˜†
280,Entertainment,JP,9jEzO67HDhE,1.3448275862068966,0.0019121719636027957,asia,0,ã€éŸ“å›½ãƒˆã‚™ãƒ©ãƒã€‘æ¬¡è¦‹ã‚‹ãªã‚‰ã‚³ãƒ¬ï¼ãŠã™ã™ã‚ãƒˆã‚™ãƒ©ãƒç´¹ä»‹ã—ã¾ã™ã€ãƒ©ãƒ•ã‚™ã‚³ãƒ¡ã€‘
281,Entertainment,JP,jNHMpDMMCeE,0.013970983342289092,0.04785784086817878,asia,0,ã€å®Ÿé¨“ã€‘ç§‘å­¦ã®åŠ›ã§ã€Œãƒãƒ«ã‚¹ã€ã—ã¦ã¿ãŸï¼
282,News & Politics,JP,w6YcFhfqT6Y,0.13085818624467438,0.04531288783474448,asia,0,ã€é ‘å¼µã‚Œæ—¥æœ¬å…¨å›½è¡Œå‹•å§”å“¡ä¼šã€‘4.14 é ‘å¼µã‚Œå®‰å€æ”¿æ¨©ï¼ã•ã‚‰ã°åæ—¥å·¦ç¿¼ï¼æ—¥ã®ä¸¸å›½æ°‘è¡Œå‹•
283,Entertainment,JP,xOjcOvPUe9Q,0.012269938650306749,0.06633206728160608,asia,0,[ì˜ˆëŠ¥ì—°êµ¬ì†Œ ì§ìº ] ë™ë°©ì‹ ê¸° ìš´ëª… @ì‡¼!ìŒì•…ì¤‘ì‹¬_20180414 The Chance of Love TVXQ! in 4K
284,Gaming,JP,VMagBgNf-XQ,0.012345679012345678,0.014482388700160916,asia,0,ã€ç‹¼ã‚²ãƒ¼ãƒ /(ãƒªãƒ³ã‚¿ãƒ­ã‚¦ç›®ç·šãƒ«ãƒ¼ãƒˆ)ã€‘è¡æ’ƒçš„ãªå±•é–‹ï¼ã€ãŠå‰ã€ç”Ÿãã¦ã„ãŸã®ã‹â€¦â‰ã€å¾Œç·¨ã€‘ï¼å®Ÿæ³ãƒ—ãƒ¬ã‚¤3/è„±å‡ºã‚²ãƒ¼ãƒ /æ”»ç•¥/ãƒã‚¿ãƒãƒ¬æ³¨æ„
285,Entertainment,JP,2roa5LSE3Js,0.3667763157894737,0.01115534924683045,asia,0,ã€âš ï¸é–²è¦§æ³¨æ„ã€‘ã€å¤§é£Ÿã„ã€‘ã‚«ãƒ„ã‚«ãƒ¬ãƒ¼ï¼ˆ8kgï¼‰å¤§é£Ÿã„ãƒãƒ£ãƒ¬ãƒ³ã‚¸â€¼ï¸ã€MAXéˆ´æœ¨ã€‘ã€ãƒãƒƒã‚¯ã‚¹éˆ´æœ¨ã€‘
286,Gaming,JP,8YSYAXHWW8Q,0.10299003322259136,0.012881965248651888,asia,0,ã€ã‚†ã£ãã‚ŠèŒ¶ç•ªã€‘æœ¬å½“ã¯æ€–ã„ã•ã‚‹ã‹ã«åˆæˆ¦ï¼ã‚µãƒ«ãŒæœ€å¾Œã«â€¦ã€ç¬‘ãˆã‚‹æˆæ¥­ã€‘ã€71æ™‚é–“ç›®ã€‘
287,Entertainment,JP,gky3PAyTm6g,0.017937219730941704,0.028075034621679467,asia,0,ã€Œæ–°ã—ã„åœ°å›³ã€è‰ãªãå‰›ã‹ã‚‰å¤§æ‰æ¼£ã•ã‚“ã¸ã®ã€Œæœ€å¾Œã®è¨€è‘‰ã€ã«æ¶™ãŒæ­¢ã¾ã‚‰ãªã„ï¼ï¼ï¼
288,People & Blogs,JP,8zwYHixN1z8,0.05507955936352509,0.03715663088957613,asia,0,ã‚¢ãƒ¡ãƒªã‚«ã®ã‚¹ãƒ¼ãƒ‘ãƒ¼ã§ã€‡ã€‡ã€‡ï¼ï¼ï¼
289,Gaming,JP,qO8GZqT69W0,0.009164969450101833,0.07902466503037862,asia,0,ã¾ã©ã­ã™ã®ã˜ã‚ƒãŒã‚Šã“é¢æ¥
290,Gaming,JP,-MY2XTnVjJ4,,,asia,0,ã€ãƒ©ãƒ–ãƒ©ã‚¤ãƒ–ï¼ã‚¹ã‚¯ãƒ¼ãƒ«ã‚¢ã‚¤ãƒ‰ãƒ«ãƒ•ã‚§ã‚¹ãƒ†ã‚£ãƒãƒ« ï½after school ACTIVITYï½ Next Stageã€ãƒ†ã‚£ã‚¶ãƒ¼ãƒˆãƒ¬ãƒ¼ãƒ©ãƒ¼
291,People & Blogs,JP,unmag8IHX7k,,,asia,0,ã€æ–™ç†ã€‘ç°¡å˜ç¾å‘³ã—ã„å¤§æ ¹ã®ç…®ç‰©â˜†ã€ä¸€äººæš®ã‚‰ã—ã€‘
292,Sports,JP,UoKYYelgrF4,0.11716621253405994,0.0019611720006626303,asia,0,ã‚¨ãƒ³ã‚¼ãƒ«ã‚¹å¤§è°·ç¿”å¹³ã€€ä»Šæ—¥2æœ¬ç›®ã®ãƒ’ãƒƒãƒˆï¼ã€€ãƒ­ã‚¤ãƒ¤ãƒ«ã‚ºæˆ¦ã€€4æœˆ14æ—¥
293,Howto & Style,JP,TobEnIDPeZQ,0.06099290780141844,0.028649219765929778,asia,0,ã€éŸ“å›½ãƒ¬ã‚·ãƒ”ã€‘ãƒ¢ãƒ³ãƒ†ã‚¯ãƒªã‚¹ãƒˆã®ä½œã‚Šæ–¹/Monte Cristo Sandwichã€kattyanneruã€‘
294,People & Blogs,JP,ffCw_f5SWW8,0.1044776119402985,0.004282518376478108,asia,0,é–¢ã‚¸ãƒ£ãƒ‹âˆã‚¯ãƒ­ãƒ‹ã‚¯ãƒ« 2018å¹´4æœˆ14æ—¥ 180414 ã€æ˜æ—¥é€£ç¶š16KOã¸å‘ã‘ã¦ï¼ãƒœã‚¯ã‚µãƒ¼æ¯”å˜‰å¤§å¾ï¼†å…·å¿—å …ç”¨é«˜ã€‘
295,Entertainment,JP,mI6QkLj4Owk,0.04838709677419355,0.007954837054144213,asia,0,ã€ãƒã‚¤ãƒ©ã‚¤ãƒˆã€‘é«˜æœ¨ä¿Šå¹¸é¸æ‰‹ã®ã‚´ãƒ¼ãƒ«ã§ã‚»ãƒ¬ãƒƒã‚½å‹åˆ©ï¼ãƒªãƒ¼ã‚°æˆ¦4é€£å‹ï¼
296,Howto & Style,JP,RER-Er0yRMQ,0.032290362953692114,0.014531922942614364,asia,0,ã€å¯¾æ±ºã€‘ç›®éš ã—ã‚«ãƒ©ã‚ªã‚±ã§å…¨å›½æ¡ç‚¹ã‚°ãƒ©ãƒ³ãƒ—ãƒªã«æŒ‘æˆ¦ã—ã¦ã¿ãŸã‚‰ã¾ã•ã‹ã®çµæœã«â€¦ï¼
297,People & Blogs,JP,Rf86WmXcaeg,0.0967741935483871,0.020097244732576985,asia,0,ãµãã‚“ãvså‘‚å¸ƒã‚«ãƒ«ãƒ
298,Entertainment,JP,-R5oeQ4Td4Y,0.13636363636363635,0.0031839890834659997,asia,0,"ã‚¨ãƒ³ã‚¼ãƒ«ã‚¹å¤§è°·ç¿”å¹³ ""ã‚¢ãƒ¬ã®å‡„ã•"" ãŒãƒ¡ã‚¸ãƒ£ãƒ¼ï¼”ä½ï¼æµ·å¤–ãƒ¡ãƒ‡ã‚£ã‚¢ãŒéœ‡æ’¼ã—ãŸäº‹å®Ÿã¨ã¯â€¦ã‚­ãƒ£ãƒ³ãƒ—ã®é ƒã‚ˆã‚Šâ€¦ shohei ohtani"
299,Entertainment,JP,lV2HGbhTeWY,0.1791907514450867,0.001654346724297859,asia,0,å¤§è°·ç¿”å¹³èµ°è€…ä¸€æƒåˆ3ãƒ™ãƒ¼ã‚¹ã§ã‚¨ãƒ³ã‚¼ãƒ«ã‚¹å‹åˆ©ãŠ—ï¸âš¾ï¸
300,Sports,ID,Fjlj6OLhUzY,0.5499254843517138,0.0030746249507418505,asia,0,WASIT TIDAK SALAH - REAL MADRID VS JUVENTUS
301,Autos & Vehicles,ID,p0PFRKj1rIk,0.19163701067615657,0.0034575125842384183,asia,0,Persija vs Johor Darul Takzim 4-0 Piala AFC Cup  10 April 2018
302,Sports,ID,Fgg7E9eueJM,0.4634146341463415,0.001373424620117965,asia,0,Ini yang Dikatakan Buffon Sebelum Dikartu Merah...
303,People & Blogs,ID,iHWZVMNDdt4,0.29020429544264015,0.005904321536546328,asia,0,ILC 10 April 2018 Rocky Gerung KItab suci adalah Fiksi
304,Sports,ID,JXKes8p19fY,0.419408579758434,0.0017061929973604107,asia,0,"Marquez VS Rossi, PARAH Komentar Hasil Race MotoGP Argentina 2018"
305,Gaming,ID,dkSvjNRp3v0,0.31649616368286443,0.0023891030018071027,asia,0,Lihat Apa yang Cristiano Ronaldo Lakukan Saat Laga Leg Kedua Kontra Juventus
306,People & Blogs,ID,aZYYqQbH_tQ,0.5182104961284772,0.0015509634031348409,asia,0,Mengejutkan!!!Komentar Bos Yamaha atas Insiden Rossi dan Marquez di Argentina 2018
307,Music,ID,0GSsCYgsvG8,0.016435438110016437,0.022156385907764694,asia,0,YA ASYIQOL VERSI SABYAN
308,Sports,ID,ZNelC78RXoo,0.48359508630073084,0.0024362681569409777,asia,0,Race MotoGp Argentina 2018_Marquez Tabrak Rossi Hingga Jatuh
309,People & Blogs,ID,qTswq6Pw3Vs,0.2328888888888889,0.0022709349927195507,asia,0,Komentar Rossi Terhadap Marquez Setelah MotoGP Argentina 2018
310,People & Blogs,ID,S8YM3hee-jo,0.06479818877351862,0.0094414723065379,asia,0,Skakmat Ust Abdul Somad Jawab Puisi Sukmawati
311,Sports,ID,HG5sF70g1II,0.3137254901960784,0.003315041874213148,asia,0,TERUNGKAP !! ini yang Dikatakan ALESSIO SALUCCI Kepada Marc Marquez !!
312,People & Blogs,ID,a3ByvK9oEso,0.5705348133198789,0.002413436533925222,asia,0,Ini Reaksi Tim Yamaha Saat Marquez Mencoba Meminta Maaf Karna Dengan Sengaja Menabrak Rossi
313,Autos & Vehicles,ID,t2v5uY4Gss8,0.45174371451743717,0.0011546468213500098,asia,0,3 KESALAHAN MARC MARQUEZ DI GP ARGENTINA 2018
314,Sports,ID,i0WOqQJDwPM,0.2476349471341124,0.0012089327821263628,asia,0,"Motor Marquez Mati hingga Menyenggol Rossi, Kisah MotoGP Argentina"
315,Sports,ID,aMm9aNe8emw,0.5456953642384106,0.001291494609934416,asia,0,MARAH BESAR! Rossi Tak Gubris Permintaan Maaf Marquez
316,Entertainment,ID,wePBmRoz4sE,0.5026123301985371,0.0012700932197991209,asia,0,"Jatuhkan VALENTINO ROSSI, Inilah Hukuman Yang Diterima MARC MARQUEZ - MotoGP Argentina"
317,People & Blogs,ID,Sy7EEYCdOYU,0.6198204419889503,0.0015390403955588905,asia,0,ROSSI SEMAKIN BERANG & UCAPKAN KATA KATA INI BUAT MARQUEZ.. | MotoGP 2018
318,Sports,ID,eSLmp7c4Lf0,0.17752808988764046,0.002453023903202023,asia,0,"SALUT !!! Lihat Reaksi RONALDO ketika melihat BUFFON, setelah Laga Panas MADRID vs JUVE : 1-3 !!!"
319,Music,ID,J-dv_DcDD_A,0.0208396399457741,0.0670432420781309,asia,0,ZAYN - Let Me (Official Video)
320,People & Blogs,ID,--komwJAOcY,0.14223512336719885,0.003951118527821265,asia,0,"[LIDA] Ciehhh soimah meminta Rara menjadi Mantu dan Rara menjawab ""SIAP"""
321,News & Politics,ID,CdcV5YecAV8,0.9107142857142857,0.0011171958384455017,asia,0,"Demi Hormati Bufon,Pemain madrid harus Berlaku seperti ini. juventus vs real madrid cristian ronaldo"
322,Music,ID,-rs-404qZ3M,0.008553991061559902,0.0574350340182995,asia,0,TATA JANEETA feat MAIA ESTIANTY - Sang Penggoda (Official Music Video)
323,Entertainment,ID,jABZl0so_Z4,0.06358467983243567,0.010961078659350535,asia,0,LUAR BIASA! RARA Membuat Semua Mata Tertuju Padanya | LIDA Top 10
324,Entertainment,ID,PtzL8w3EsfY,0.037941411755742636,0.015912136830677673,asia,0,ABDUL - BETTER MAN (Robbie William) - Road To Grand Final - Indonesian Idol 2018
325,Sports,ID,U815J7ZFSQs,,,asia,0,AKHIRNYA TERJAWAB!! INILAH Keputusan Akhir Race Director Soal Tuntutan Rossi DISKUALIFIKASI Marquez!
326,Sports,ID,nX8XMioYt7c,0.2113095238095238,0.0022431179339281603,asia,0,Simak Detail Percakapan Uccio Saat Usir Marquez dari Paddock Rossi di MotoGP 2018 Argentina
327,People & Blogs,ID,VV83hbJ37_Y,0.1727347385710375,0.0026745720172262058,asia,0,Olesan Ampuh Bawang Putih dan Jahe Untuk Laki-Laki Loyo
328,Gaming,ID,iJMmMh5jylU,0.05037214247740564,0.024180796770751647,asia,0,Garena AOV - Grand Final Arena of Valor National Championship (ANC) dan Princess Cup
329,People & Blogs,ID,tqZ2FgmlJJU,0.07014542343883662,0.00982865022112361,asia,0,"Kocak!!! Ketika Ustaz Abdus Somad, Menteri Susi & Sandiaga Uno Berbalas Pantun"
330,Entertainment,ID,0bx5VD3WjIo,0.1695786228160329,0.003426937205690195,asia,0,"Udah Ganteng, Haikal Ternyata Jago Main Sulap Loh - Kun Anta Eps 77"
331,Sports,ID,kVdYOOTj4yI,0.5389908256880734,0.0008688980340185538,asia,0,Ekspresi TIM lihat VALENTINO ROSSI tersungkur di MOTOGP Argentina
332,People & Blogs,ID,hlnvjU08dzo,0.034807149576669805,0.019932246612330617,asia,0,Al Qur'an Fiksi atau Bukan ?? - Ustadz Adi Hidayat Lc MA
333,People & Blogs,ID,FgCU1ZEP11w,0.012484518206589051,0.04092120868093216,asia,0,PARANORMAL EXPERIENCE: HANTU DI RUMAH
334,Music,ID,i0p1bmr0EmE,0.08678116205558198,0.02771547562742507,asia,0,"TWICE ""What is Love?"" M/V"
335,Sports,ID,D066xur8zb4,1.047008547008547,0.0021856086079354406,asia,0,LORENZO BONGKAR HABIS Misi Tersembunyi Rossi Ngotot Salahkan Marquez di Motogp Argentina 2018
336,People & Blogs,ID,EOLfVEjqK-8,0.7090909090909091,0.0018956365892327841,asia,0,Ini Hukuman Keras Dorna Untuk Marquez Jelang Moto GP Autsin 2018
337,Education,ID,n6bndw3fBVE,0.1299927378358751,0.01050735973018138,asia,0,ADU PANTUN Ust. Abdul Somad dan Bu Susi
338,Entertainment,ID,DdNnBkbVWbg,0.01032076200868399,0.05255568113663354,asia,0,MAKANAN LEGENDARIS JAKARTA PUSAT
339,Sports,ID,MdRaa0dhGGQ,0.26766417290108063,0.0018728924122169254,asia,0,Lihat reaksi kecewa pemain juventus saat penalti ronaldo!
340,People & Blogs,ID,yyO_E7iduMI,0.04769001490312966,0.016365188406975328,asia,0,"KEGEMBIRAAN SUKU ASMAT MELEDAK.! JOKOWI & IBU IRIANA JOGETÂ² SAMBIL GENDONG BALITA, DUNIA TERCENGANG"
341,People & Blogs,ID,zxETWsRwzdg,0.02314679167887489,0.024382402949034848,asia,0,Penghargaan Tokoh Perubahan Republika 2018 Ustadz Abdul Somad Lc MA
342,People & Blogs,ID,Ia03nrKebBg,0.5341614906832298,0.0010679898242460224,asia,0,"Panas, Inilah 5 Drama Yang Terjadi di Laga REAL MADRID vs JUVENTUS, Liga Champions 2018"
343,Music,ID,ZbB4SYJNuTo,0.012244383321113855,0.09476374816108762,asia,0,SUPER JUNIOR ìŠˆí¼ì£¼ë‹ˆì–´ 'Lo Siento (Feat. Leslie Grace)' MV
344,News & Politics,ID,JxQBAWqr9NI,0.26552462526766596,0.003266967945937627,asia,0,SIAP SIAP DITANGKAP! 'SBY PUCAT' Boediono Bongkar Keterlibatan SBY di Kasus Korupsi Bank Century
345,Sports,ID,ED-vCebZAcE,0.7024128686327078,0.000800721293175622,asia,0,Insiden MARQUEZ Tabrak ROSSI Hingga MARAH Besar!!! -  Marquez Bikin Ulah Lagi!!!
346,Sports,ID,VsDOQUFEQIQ,0.07364341085271318,0.007293080054274084,asia,0,PERSIJA MENGAMUK| PERSIJA VS PUSAMANIA  BORNEO FC |  GOJEK TRAVELOKA LIGA 1 - SUPER BIG MATCH (HD)
347,Sports,ID,rftfHYeVXMg,1.0209059233449478,0.0025161092359619517,asia,0,"MARQUEZ DIPECAT GENGS, KONTRAK MARQUEZ DIPUTUS REPSOL HONDA ???"
348,People & Blogs,ID,wwWEZYV1hGI,0.1766604205704768,0.006330080137522957,asia,0,Ustadz Abdul Somad Tanggapi Puisi Sukmawati
349,Entertainment,ID,lo57l5ZDgwU,0.009527593532588424,0.0690774641536658,asia,1,[SUPER JUNIOR - Lo Siento(Feat.KARD)] Comeback Stage | M COUNTDOWN 180412 EP.566
350,Comedy,TW,X7BuogD48lE,0.02573014941542906,0.07414845422245875,asia,0,ã€æ”¾ç«ã€‘å¦‚æœã„…ã„†ã„‡è®Šæˆä¸€é¦–æ­Œ!?
351,People & Blogs,TW,1CUq9Lq5UEY,0.0681169757489301,0.025001382030747064,asia,0,ã€Joemanã€‘24å°æ™‚ä¾†å›æ—¥æœ¬ï¼ä¸€æ—¥ä¾†å›æ±äº¬åªç‚ºäº†åƒæ‹‰éºµï¼
352,People & Blogs,TW,4OSH3dYpnvo,0.022400534938147778,0.009047186932849364,asia,0,è¶…äººç‰¹æ”»éšŠ2 | HDæœ€æ–°ä¸­æ–‡é›»å½±é å‘Š (The Incredibles 2)
353,Travel & Events,TW,lCHpUNXu_gY,0.029930928626247123,0.016036429648318515,asia,0,æ±äº¬è¿ªå£«å°¼æ¨‚åœ’çš„é£Ÿç‰©ï¼Œéƒ½è¶…é›£åƒï¼Ÿã€è”¡é˜¿å˜Lifeã€‘
354,Comedy,TW,azL-LyVVRFg,0.01667190940547342,0.02705209592048607,asia,0,æ”¹åå¾Œçš„ã€Œé‚±è­°å“¡ã€å‘½é‹å°‡æœƒæ˜¯å¦‚ä½•å‘¢ï¼Ÿ
355,Entertainment,TW,-obOqRzCAXQ,0.04726148409893993,0.006819051176015252,asia,0,ã€æ­Œæ‰‹ã€‘æ“Šæ•—è¯æ™¨å®‡å‹‡å¥ªå† è» Jessie Jæ©é¢çˆ†å“­
356,Pets & Animals,TW,E0_GJY5A5VE,0.005390660518282782,0.038824742735963,asia,0,ã€é»ƒé˜¿ç‘ªçš„å¾Œå®®ç”Ÿæ´»ã€‘æµ£è…¸çš„ä¸€å¤©ï¼
357,Entertainment,TW,pLRopBT_xYE,0.01623281661304475,0.019972398484107222,asia,0,é€™ç¾¤äºº TGOP â”‚æˆ‘å®¶åŒ—é¼»æœ€æ£’äº†ï¼ç¬¬å››é›† My Baby is the Bestã€EP04ã€‘
358,Travel & Events,TW,wecNZA90dDc,0.03969128996692393,0.008040780141843971,asia,3,é£Ÿå°šç©å®¶ã€å½°åŒ–ã€‘æµ©ç¿”èä¸‰å·¨é ­ç½é•6å¹´å¤§åˆé«”ï¼æµ©å­æƒ¡æ•´è®“èèå“­äº†(å®Œæ•´ç‰ˆ)
359,Entertainment,TW,UEsSC6mIpaE,0.1223750905141202,0.0036406775192776644,asia,0,å³å§å„’è½KIDå·åƒé“æ­‰ ç¥åæ‡‰ç¬‘å£å¤§å®¶
360,Music,TW,i0p1bmr0EmE,0.08678123921881058,0.02771545098367026,asia,0,"TWICE ""What is Love?"" M/V"
361,Comedy,TW,uCbmkOFgQGk,0.010791818295896599,0.03755437113275746,asia,0,é»‘è‰²æ˜ŸæœŸäº”çš„ææ€–éƒ½å¸‚å‚³èªªï¼ç«Ÿè½åˆ°ã€Œè©­ç•°äººè²ï¼ï¼Ÿã€ã€çœ¾é‡ç´šCROWDï½œPRANKäº’æ•´æƒ…ä¾¶ç‰¹è¼¯ã€‘
362,Entertainment,TW,52ZAUwpsjSo,0.22648752399232247,0.002138725713558536,asia,1,ã€å®—æ†²é‡Œå®¶äº‹èª¿åœæ‰€2.0ï¼å‚³èæœ‰å¿ƒçµéƒ½æ˜¯çœŸçš„ï¼ï¼Ÿã€‘20180411ç¶œè—å¤§ç†±é–€
363,People & Blogs,TW,u3dY3ZcHSMk,0.11428571428571428,0.003237453670921606,asia,0,é˜¿å…µå“¥æš´å‹•å•¦ï¼æ³°ç‰ˆAngelababyç¾èº«å¾µå…µè™•é£„ä»™æ°£ ç¾å ´ç”·æ€§ç›®ä¸è½‰ç›è¡€è„ˆè³å¼µï¼ï½œè¨˜è€… æŸ¯çš“å¯§ï½œã€åœ‹éš›å¤§ç¾å ´ã€‘20180413ï½œä¸‰ç«‹æ–°èå°
364,Entertainment,TW,0s0eRnl4RSA,0.03139198678232136,0.008240944662107653,asia,0,Jessie Jã€Šæ­Œæ‰‹ã€‹æ±ºè³½å¥ªå† ï¼ã€€åˆé«”æçŸRapå‘¨æ°å€«çš„æ­Œ
365,People & Blogs,TW,Dg2NTa40-J0,0.15205288796102992,0.007039441939300122,asia,0,ä¸æƒ³å†é çˆ¸ï¼ä½™ç¥¥éŠ“ç§€ç¨é–€ã€Œé­šç¿”æ‹³ã€ ç¶²è®šï¼šçµ‚æ–¼æœ‰æˆåŠŸçš„è¡¨æ¼”ï½œä¸‰ç«‹æ–°èç¶²SETN.com
366,Entertainment,TW,dhjomo8W6Lc,0.030785487847833744,0.011838134053211975,asia,0,é™³å¥•è¿… Eason Chan ã€Šæˆ‘å€‘ã€‹Us [Official MV]
367,Film & Animation,TW,2XU9syaVDI4,0.02481582008530438,0.011867838571625789,asia,0,#709ã€è°·é˜¿è«ã€‘5åˆ†é˜çœ‹å®Œ2017çˆºçˆºæ‹œè¨—æ•‘æˆ‘å•Šçš„é›»å½±ã€Šé‡‘éŒ¢ä¸–ç•Œ All the Money in the Worldã€‹
368,News & Politics,TW,piBkbaRHAcg,0.5555555555555556,0.0009341097551649168,asia,0,æœ€æ–°ã€‹å¦»é­ã€Œå¤©åã€é¨™çŒé…’ é˜¿benæ°£ç‚¸æ€’å—†æ‹’éŒ„
369,Comedy,TW,aIgCpB9maoU,0.036500754147812974,0.010094181914514612,asia,0,å¥³ç²‰çµ²åœ¨é£›æ©Ÿä¸Šæ²’ç™¼ç¾ã€Œéš”å£é‚£ä½å°±æ˜¯å¶åƒã€ï¼ä¸€é‚Šè½ä»–çš„æ­Œä¸€é‚ŠèŠå¤©ï¼çµå±€å¤ªå¯æ„›äº†ï¼
370,Entertainment,TW,Bew64C9BHPs,0.32339955849889623,0.0020698352356322363,asia,3,é‡‘å®¶å¥½åª³å©¦ ç¬¬66é›† 100% Wife EP66ã€å…¨ã€‘
371,News & Politics,TW,c2pt-TlxE1s,1.488888888888889,0.0009159606136936112,asia,0,ã€ç­‹å¾ˆé–‹ã€‘KIDè‚‰éº»ç°¡è¨Šæ’©å¥¶ç²¾ã€€é‚„é–‹è¨±ç¶­æ©æ„›è»Šç´„æœƒ | è˜‹æœå¨›æ¨‚ | å°ç£è˜‹æœæ—¥å ±
372,Music,TW,DLMz1p4Nz58,0.05269736311587775,0.03702354686832921,asia,1,"[Comeback Stage] TWICE - What is Love?, íŠ¸ì™€ì´ìŠ¤ - ì™“ ì´ì¦ˆ ëŸ¬ë¸Œ? Show Music core 20180414"
373,Entertainment,TW,qYSADlD6Rq0,0.1537242472266244,0.0025787204479045343,asia,0,ã€å®Œæ•´ç‰ˆã€‘å°·å°¬ç—…ç™¼ä½œï¼å¥³è—äººçš„é»‘æ­·å²å‡ºåœŸå›‰ï¼2018.04.12å°æ˜æ˜Ÿå¤§è·Ÿç­
374,Entertainment,TW,kt8YM04p2Wo,0.8979591836734694,0.001088324572443918,asia,0,16æ­²å¥³å…’é•·å¾—å¤ªæ¼‚äº®ï¼Œçˆ¶è¦ªæ‡·ç–‘ä¸æ˜¯è¦ªç”Ÿï¼Œè¦ªå­é‘‘å®šå¾Œå…¨å®¶åš‡å‚»äº†ï¼
375,Entertainment,TW,PLypGGv11_8,0.16705246913580246,0.002534913742518484,asia,1,å¤«å¦»æª” VS å¤«å¦»æª”ï¼ï¼è¢å¹•æ”¾é–ƒç„¡æ¥µé™ï¼ï¼Ÿä¸ï¼ï¼ç©å¾ˆå¤§å°±æ˜¯è¦è®“ä½ å€‘åµç¿»å¤©ï½ï½ç¶œè—ç©å¾ˆå¤§ x SEXYLOOK ã€ç¬¬ä¹åå…­å› é¦¬ä¾†è¥¿äº æ£®ç¾è˜­ã€‘20180407ã€ç¬¬191é›†å®Œæ•´ç‰ˆã€‘
376,Gaming,TW,djsSqan0jGs,0.02370997097742142,0.03444063822505938,asia,0,HowFun / Howå“¥çš„æ‰è—è¡¨æ¼”
377,Entertainment,TW,x8FSmn4oWiw,0.0561507749801718,0.03616036772365505,asia,1,ë®¤ì§ë±…í¬ Music Bank - What is Love? - TWICE(íŠ¸ì™€ì´ìŠ¤).20180413
378,Entertainment,TW,pfK31k4WrLc,0.04907699234579019,0.013302866315477386,asia,0,åœåœ¨ä½ é£Ÿç‰©ä¸Šçš„è’¼è …éƒ½åšäº†ä»€éº¼äº‹
379,Music,TW,ZbB4SYJNuTo,0.012244383321113855,0.09476374816108762,asia,0,SUPER JUNIOR ìŠˆí¼ì£¼ë‹ˆì–´ 'Lo Siento (Feat. Leslie Grace)' MV
380,Entertainment,TW,a0s5dpLJifs,0.3512658227848101,0.0022196778657375864,asia,1,å¹¸ç¦ä¾†äº† The Way to Happiness Ep203
381,Entertainment,TW,QSAr46nbtPc,0.35795454545454547,0.002758750411461354,asia,0,æ–°èæŒ–æŒ–å“‡ï¼šå¦ä¸€åŠçš„é’æ¢…ç«¹é¦¬ 20180413 æ¬£è¥¿äº ç©†ç†™å¦ ææ–‡ è¨±å¸¸å¾· è¨±è–æ¢…
382,People & Blogs,TW,eFkU4ruiI70,0.02826379542395693,0.01241872670444099,asia,0,ã€æ­Œæ‰‹2018ç¸½æ±ºè³½è¯æ™¨å®‡é„§ç´«æ£‹å‚™æˆ°ç¯‡ã€‘èŠ±èŠ±ï¼šã€Šå…‰å¹´ä¹‹å¤–ã€‹æ˜¯ä¸€é¦–å¾ˆå¥½çš„æ­Œï¼Œå› ç‚ºå®ƒå¾ˆå¥½è½ Hua Chenyu
383,Film & Animation,TW,GvhGCm6eO8U,0.20869565217391303,0.001592577205373217,asia,0,éœ¸é“æ€»è£æŠŠç°å§‘å¨˜éª—åˆ°é…’åº—è¿˜è¦å’Œå¥¹ç”Ÿå­©å­ï¼Œç°å§‘å¨˜å“­ç€è·‘å‡ºå»ï¼Œæ€»è£å‘ç°ç°å§‘å¨˜çš„çœŸå®èº«ä»½
384,Pets & Animals,TW,OfbuRfigCWE,0.015300546448087432,0.011822851051458475,asia,0,[é€£ç’°æ³¡]å¤§å¤§çš„æ¡æ‰‹æ•™å­¸èˆ‡ä»–çš„ç©ºæ°£é›¶é£Ÿ
385,Music,TW,cnali8zqSv4,0.023972602739726026,0.014813311688311688,asia,0,é‚“ç´«æ£‹ åæ™¨å®‡ ã€Šå…‰å¹´ä¹‹å¤–ã€‹ã€Œæˆ‘æ„¿å®ˆå€™æœªçŸ¥é‡Œä¸ºä½ ç­‰å¾…ã€å‹•æ…‹æ­Œè©ç‰ˆMV
386,Entertainment,TW,y9DxUmPM8pQ,0.07503559563360228,0.039577439920056204,asia,1,[TWICE - What is Love?] Comeback Stage | M COUNTDOWN 180412 EP.566
387,Entertainment,TW,mWDOUrbyB-Q,0.09502262443438914,0.001790314479674665,asia,0,ã€Šå§Šçš„æ™‚ä»£ Iron Ladiesã€‹ç¬¬13é›†æœ€çµ‚å›é å‘Š #å¤¢æƒ³èˆ‡å¹¸ç¦ç¯‡
388,People & Blogs,TW,2Y948ZcoWJI,0.08928571428571429,0.0020864770208088826,asia,1,æœ´ä¿¡æƒ å’Œè˜‡å¿—ç‡®çš„ç”¨æ°´ç¿’æ…£å¤§ä¸åŒï¼ æ£®æ—ä¸­çš„å°å±‹ E01
389,Entertainment,TW,qzYOBgJs47M,0.03017382748442112,0.007527354242376363,asia,0,æˆ´ä½©å¦®é‚€æ­Œè¿·äº’åŠ¨é­é‡ç¬‘åœºã€Šæ€æ ·ã€‹æ•´æ›²-å’ªå’•éŸ³ä¹ç°åœº
390,Entertainment,TW,UZRvsNXDKBk,0.06383309173741976,0.020445757597034257,asia,0,[MPDì§ìº ] íŠ¸ì™€ì´ìŠ¤ ì§ìº  4K 'What is Love?' (TWICE FanCam) | @MCOUNTDOWN_2018.4.12
391,Pets & Animals,TW,_Y1DcnX74Hg,0.013934970139349702,0.029538015249220877,asia,0,ã€æŸ´çŠ¬Nana(å¥ˆå¥ˆ)ã€‘æ‰‹æŒå¬å–šè¡“?!å¥ˆå¥ˆåæ‡‰å¤ªè®“äººèåŒ–
392,Music,TW,M4ZoCHID9GI,0.015917691024043997,0.05707130459043924,asia,0,The Weeknd - Call Out My Name (Official Video)
393,Entertainment,TW,FzUQ6nKGVrg,0.09090909090909091,0.004610142313088796,asia,0,2018å¤§ç”²åª½é¶å¢ƒèµ·é§•ä¹‹å¤œ
394,Entertainment,TW,Q0NK6R84l2g,0.0787292817679558,0.0028255202235439206,asia,0,ã€æŠ¢é²œçœ‹2/6ã€‘é‚“è¶…å¤§å‘¼Amazing!å…„å¼Ÿå›¢å‚è§‚è”åˆå›½æ€»éƒ¨ç»´ä¹Ÿçº³åå±…ç„¶è¡¨æ¼”æ¬²çˆ†è†¨ï¼Ÿã€Šå¥”è·‘å§2ã€‹ EP.1 20180413 Keep Running Sneak Peek  [ æµ™æ±Ÿå«è§†å®˜æ–¹HD ]
395,Entertainment,TW,3kbikqOaNsk,0.06267029972752043,0.00695233765249678,asia,0,å¨›æ¨‚ç™¾åˆ†ç™¾2018.04.13(äº”)94é–“è«œ94ç‹‚
396,Entertainment,TW,-fKROBe6h_Y,0.11728395061728394,0.002189544250418987,asia,0,ä¸€è¢‹å¥³ç‹ å®˜æ–¹æ­£ç‰ˆ 20180412     ã€Œå©Šå§Šå¦¹ã€å‡ºæ²’è«‹å°å¿ƒ!!    å£å¥³äººè¡Œç‚ºè®“äººæ¨å¾—ç‰™ç™¢ç™¢!!
397,Entertainment,TW,c1K9eSf8Gg8,0.07485604606525911,0.008081152766360069,asia,0,ã€å®Œæ•´ç‰ˆã€‘é€ƒè·‘å§å¥½å…„å¼Ÿ - ã€æ­»å¯‚å‘é“ã€‘   20180413/#7-10
398,Travel & Events,TW,fNdaCWT9OAg,0.21551724137931033,0.0019113527764046795,asia,0,"æ’•ç ´è‡‰ï¼é˜¿Benæ§“ä¸Šåˆ©è.è£½ä½œäººç™¼èª“ä¸å†ä¸Šç¯€ç›® å¾å°å¯è¢«çŒé…’æ€’è½Ÿ""è¢«ç•¶çŒ´å­è€""ï½œã€å¨›æ¨‚æ˜Ÿä¸–ç•Œã€‘20180413ï½œä¸‰ç«‹æ–°èå°"
399,Entertainment,TW,gHOMvs76et8,0.00927643784786642,0.012873178887031288,asia,0,BCã€æ¹¯å§†éœè˜­å¾·ã€æ¹¯å§†å¸Œå¾·æ–¯é “å—è¨ªï¼ŒBCè¬›å¹¹è©±å…¼é–‹é»ƒè…” (ä¸­æ–‡å­—å¹•)
